,Game,Week,Road Closing Spread,Home Closing Spread
0,GB 10 @ CHI 3,1,3.5,-3.5
1,ATL 12 @ MIN 28,1,3.5,-3.5
2,BAL 59 @ MIA 10,1,-7,7
3,BUF 17 @ NYJ 16,1,2.5,-2.5
4,KC 40 @ JAC 26,1,-3.5,3.5
5,LAR 30 @ CAR 27,1,-1.5,1.5
6,TEN 43 @ CLE 13,1,5.5,-5.5
7,WAS 27 @ PHI 32,1,10.5,-10.5
8,CIN 20 @ SEA 21,1,9.5,-9.5
9,IND 24 @ LAC 30,1,6,-6
10,DET 27 @ ARI 27,1,-2.5,2.5
11,NYG 17 @ DAL 35,1,7,-7
12,SF 31 @ TB 17,1,1,-1
13,PIT 3 @ NE 33,1,5.5,-5.5
14,HOU 28 @ NO 30,1,6.5,-6.5
15,DEN 16 @ OAK 24,1,-3,3
16,ATL 12 @ PHI 18,1,1,-1
17,BUF 3 @ BAL 47,1,7.5,-7.5
18,CIN 34 @ IND 23,1,-1,1
19,HOU 20 @ NE 27,1,6,-6
20,JAC 20 @ NYG 15,1,-2.5,2.5
21,PIT 21 @ CLE 21,1,-3.5,3.5
22,SF 16 @ MIN 24,1,6,-6
23,TB 48 @ NO 40,1,10,-10
24,TEN 20 @ MIA 27,1,-1,1
25,KC 38 @ LAC 28,1,3.5,-3.5
26,DAL 8 @ CAR 16,1,2.5,-2.5
27,SEA 24 @ DEN 27,1,3,-3
28,WAS 24 @ ARI 6,1,2,-2
29,CHI 23 @ GB 24,1,6.5,-6.5
30,NYJ 48 @ DET 17,1,7,-7
31,LAR 33 @ OAK 13,1,-6,6
32,KC 42 @ NE 27,1,8,-8
33,JAC 29 @ HOU 7,1,5.5,-5.5
34,NYJ 12 @ BUF 21,1,7,-7
35,PHI 30 @ WAS 17,1,-2,2
36,OAK 26 @ TEN 16,1,2.5,-2.5
37,ATL 23 @ CHI 17,1,-6.5,6.5
38,BAL 20 @ CIN 0,1,2.5,-2.5
39,PIT 21 @ CLE 18,1,-10,10
40,ARI 23 @ DET 35,1,-2.5,2.5
41,IND 9 @ LAR 46,1,3.5,-3.5
42,SEA 9 @ GB 17,1,2.5,-2.5
43,CAR 23 @ SF 3,1,-4.5,4.5
44,NYG 3 @ DAL 19,1,6,-6
45,NO 19 @ MIN 29,1,3,-3
46,LAC 21 @ DEN 24,1,3,-3
47,TB 30 @ MIA 20,1,-1,1
48,CAR 20 @ DEN 21,1,-3,3
49,BUF 7 @ BAL 13,1,3,-3
50,GB 27 @ JAC 23,1,-3.5,3.5
51,SD 27 @ KC 33,1,6.5,-6.5
52,OAK 35 @ NO 34,1,2.5,-2.5
53,CHI 14 @ HOU 23,1,5.5,-5.5
54,CLE 10 @ PHI 29,1,3.5,-3.5
55,MIN 25 @ TEN 16,1,-2.5,2.5
56,TB 31 @ ATL 24,1,2.5,-2.5
57,CIN 23 @ NYJ 22,1,1,-1
58,MIA 10 @ SEA 12,1,10.5,-10.5
59,NYG 20 @ DAL 19,1,1,-1
60,DET 39 @ IND 35,1,2.5,-2.5
61,NE 23 @ ARI 21,1,9,-9
62,PIT 38 @ WAS 16,1,-2.5,2.5
63,LA 0 @ SF 28,1,-2.5,2.5
64,PIT 21 @ NE 28,1,7.5,-7.5
65,KC 27 @ HOU 20,1,-1,1
66,IND 14 @ BUF 27,1,-1,1
67,GB 31 @ CHI 23,1,-5.5,5.5
68,CAR 20 @ JAC 9,1,-3,3
69,CLE 10 @ NYJ 31,1,3.5,-3.5
70,MIA 17 @ WAS 10,1,-4,4
71,SEA 31 @ STL 34,1,-3.5,3.5
72,DET 28 @ SD 33,1,3.5,-3.5
73,NO 19 @ ARI 31,1,2,-2
74,CIN 33 @ OAK 13,1,-3,3
75,BAL 13 @ DEN 19,1,4.5,-4.5
76,TEN 42 @ TB 14,1,3,-3
77,NYG 26 @ DAL 27,1,7,-7
78,PHI 24 @ ATL 26,1,-3.5,3.5
79,MIN 3 @ SF 20,1,-2.5,2.5
80,GB 16 @ SEA 36,1,4.5,-4.5
81,NO 34 @ ATL 37,1,-3,3
82,MIN 34 @ STL 6,1,3,-3
83,CLE 27 @ PIT 30,1,5.5,-5.5
84,JAC 17 @ PHI 34,1,10,-10
85,OAK 14 @ NYJ 19,1,6.5,-6.5
86,CIN 23 @ BAL 16,1,2.5,-2.5
87,BUF 23 @ CHI 20,1,7,-7
88,WAS 6 @ HOU 17,1,3,-3
89,TEN 26 @ KC 10,1,3,-3
90,NE 20 @ MIA 33,1,-3.5,3.5
91,CAR 20 @ TB 14,1,5.5,-5.5
92,SF 28 @ DAL 17,1,-3.5,3.5
93,IND 24 @ DEN 31,1,8,-8
94,NYG 14 @ DET 35,1,6.5,-6.5
95,SD 17 @ ARI 18,1,3,-3
96,BAL 27 @ DEN 49,1,7.5,-7.5
97,NE 23 @ BUF 21,1,-10,10
98,TEN 16 @ PIT 9,1,6,-6
99,TB 17 @ NYJ 18,1,-4,4
100,ATL 17 @ NO 23,1,3.5,-3.5
101,KC 28 @ JAC 2,1,-3.5,3.5
102,SEA 12 @ CAR 7,1,-3,3
103,CIN 21 @ CHI 24,1,3,-3
104,MIA 23 @ CLE 10,1,2.5,-2.5
105,MIN 24 @ DET 34,1,4,-4
106,OAK 17 @ IND 21,1,11,-11
107,ARI 24 @ STL 27,1,3.5,-3.5
108,GB 28 @ SF 34,1,5,-5
109,NYG 31 @ DAL 36,1,3.5,-3.5
110,PHI 33 @ WAS 27,1,4,-4
111,HOU 31 @ SD 28,1,-5,5
112,DAL 24 @ NYG 17,1,3.5,-3.5
113,IND 21 @ CHI 41,1,10,-10
114,NE 34 @ TEN 13,1,-5,5
115,BUF 28 @ NYJ 48,1,3,-3
116,WAS 40 @ NO 32,1,8.5,-8.5
117,JAC 23 @ MIN 26,1,3.5,-3.5
118,ATL 40 @ KC 24,1,-2.5,2.5
119,PHI 17 @ CLE 16,1,-8.5,8.5
120,STL 23 @ DET 27,1,9,-9
121,MIA 10 @ HOU 30,1,13,-13
122,SF 30 @ GB 22,1,6,-6
123,SEA 16 @ ARI 20,1,-2.5,2.5
124,CAR 10 @ TB 16,1,-3,3
125,PIT 19 @ DEN 31,1,2.5,-2.5
126,CIN 13 @ BAL 44,1,7,-7
127,SD 22 @ OAK 14,1,1,-1
128,NO 34 @ GB 42,1,5,-5
129,PIT 7 @ BAL 35,1,1,-1
130,DET 27 @ TB 20,1,1,-1
131,ATL 12 @ CHI 30,1,-2,2
132,BUF 41 @ KC 7,1,4,-4
133,IND 7 @ HOU 34,1,9,-9
134,PHI 31 @ STL 13,1,-4,4
135,CIN 27 @ CLE 17,1,7,-7
136,TEN 14 @ JAC 16,1,-1,1
137,NYG 14 @ WAS 28,1,-1,1
138,CAR 21 @ ARI 28,1,7,-7
139,SEA 17 @ SF 33,1,6,-6
140,MIN 17 @ SD 24,1,9,-9
141,DAL 24 @ NYJ 27,1,6,-6
142,NE 38 @ MIA 24,1,-7,7
143,OAK 23 @ DEN 20,1,3,-3
144,MIN 9 @ NO 14,1,5,-5
145,CAR 18 @ NYG 31,1,6,-6
146,MIA 15 @ BUF 10,1,-3,3
147,ATL 9 @ PIT 15,1,-1,1
148,DET 14 @ CHI 19,1,7,-7
149,CIN 24 @ NE 38,1,5,-5
150,CLE 14 @ TB 17,1,3,-3
151,DEN 17 @ JAC 24,1,3,-3
152,IND 24 @ HOU 34,1,-2,2
153,OAK 13 @ TEN 38,1,7,-7
154,GB 27 @ PHI 20,1,-3,3
155,SF 6 @ SEA 31,1,-3,3
156,ARI 17 @ STL 13,1,-3,3
157,DAL 7 @ WAS 13,1,-4,4
158,BAL 10 @ NYJ 9,1,2,-2
159,SD 14 @ KC 21,1,-4,4
160,TEN 10 @ PIT 13,1,6,-6
161,MIA 7 @ ATL 19,1,4,-4
162,KC 24 @ BAL 38,1,13,-13
163,PHI 38 @ CAR 10,1,-3,3
164,DEN 12 @ CIN 7,1,5,-5
165,MIN 34 @ CLE 20,1,-4,4
166,NYJ 24 @ HOU 7,1,5,-5
167,JAC 12 @ IND 14,1,6,-6
168,DET 27 @ NO 45,1,14,-14
169,DAL 34 @ TB 21,1,-6,6
170,SF 20 @ ARI 16,1,5,-5
171,WAS 17 @ NYG 23,1,6,-6
172,STL 0 @ SEA 28,1,7,-7
173,CHI 15 @ GB 21,1,5,-5
174,BUF 24 @ NE 25,1,13,-13
175,SD 24 @ OAK 20,1,-10,10
176,WAS 7 @ NYG 16,1,5,-5
177,CIN 10 @ BAL 17,1,-2,2
178,NYJ 20 @ MIA 14,1,-3,3
179,KC 10 @ NE 17,1,17,-17
180,HOU 17 @ PIT 38,1,6,-6
181,JAC 10 @ TEN 17,1,-3,3
182,DET 21 @ ATL 34,1,-3,3
183,SEA 10 @ BUF 34,1,3,-3
184,TB 20 @ NO 24,1,3,-3
185,STL 3 @ PHI 38,1,9,-9
186,DAL 28 @ CLE 10,1,-6,6
187,CAR 26 @ SD 24,1,9,-9
188,ARI 23 @ SF 13,1,-3,3
189,CHI 29 @ IND 13,1,11,-11
190,MIN 19 @ GB 24,1,2,-2
191,DEN 41 @ OAK 14,1,-3,3
192,NO 10 @ IND 41,1,6,-6
193,KC 3 @ HOU 20,1,3,-3
194,DEN 15 @ BUF 14,1,-3,3
195,PIT 34 @ CLE 7,1,-5,5
196,TEN 13 @ JAC 10,1,8,-8
197,CAR 27 @ STL 13,1,2,-2
198,PHI 13 @ GB 16,1,-3,3
199,ATL 3 @ MIN 24,1,3,-3
200,MIA 13 @ WAS 16,1,3,-3
201,NE 38 @ NYJ 14,1,-7,7
202,TB 6 @ SEA 20,1,6,-6
203,CHI 3 @ SD 14,1,7,-7
204,DET 36 @ OAK 21,1,3,-3
205,NYG 35 @ DAL 45,1,6,-6
206,BAL 20 @ CIN 27,1,3,-3
207,ARI 17 @ SF 20,1,4,-4
208,TB 20 @ CAR 14,2,6.5,-6.5
209,ARI 17 @ BAL 23,2,13,-13
210,BUF 28 @ NYG 14,2,-1,1
211,DAL 31 @ WAS 21,2,-6,6
212,IND 19 @ TEN 17,2,3,-3
213,JAC 12 @ HOU 13,2,7.5,-7.5
214,LAC 10 @ DET 13,2,-1,1
215,MIN 16 @ GB 21,2,3,-3
216,NE 43 @ MIA 0,2,-18,18
217,SF 41 @ CIN 17,2,1,-1
218,SEA 28 @ PIT 26,2,4,-4
219,KC 28 @ OAK 10,2,-7,7
220,CHI 16 @ DEN 14,2,-3,3
221,NO 9 @ LAR 27,2,2,-2
222,PHI 20 @ ATL 24,2,-1,1
223,CLE 23 @ NYJ 3,2,-6.5,6.5
224,BAL 23 @ CIN 34,2,1,-1
225,CAR 24 @ ATL 31,2,5.5,-5.5
226,CLE 18 @ NO 21,2,10,-10
227,HOU 17 @ TEN 20,2,-3.5,3.5
228,IND 21 @ WAS 9,2,6,-6
229,KC 42 @ PIT 37,2,4.5,-4.5
230,LAC 31 @ BUF 20,2,-7.5,7.5
231,MIA 20 @ NYJ 12,2,3,-3
232,MIN 29 @ GB 29,2,-2,2
233,PHI 21 @ TB 27,2,-3,3
234,ARI 0 @ LAR 34,2,13.5,-13.5
235,DET 27 @ SF 30,2,6,-6
236,OAK 19 @ DEN 20,2,5.5,-5.5
237,NE 20 @ JAC 31,2,-2,2
238,NYG 13 @ DAL 20,2,3,-3
239,SEA 17 @ CHI 24,2,5,-5
240,HOU 13 @ CIN 9,2,5.5,-5.5
241,MIN 9 @ PIT 26,2,8.5,-8.5
242,CLE 10 @ BAL 24,2,7.5,-7.5
243,CHI 7 @ TB 29,2,7,-7
244,BUF 3 @ CAR 9,2,6.5,-6.5
245,ARI 16 @ IND 13,2,-7,7
246,TEN 37 @ JAC 16,2,-1,1
247,PHI 20 @ KC 27,2,4,-4
248,NE 36 @ NO 20,2,-5.5,5.5
249,NYJ 20 @ OAK 45,2,14,-14
250,MIA 19 @ LAC 17,2,3.5,-3.5
251,DAL 17 @ DEN 42,2,-2.5,2.5
252,WAS 27 @ LAR 20,2,3,-3
253,SF 9 @ SEA 12,2,13.5,-13.5
254,GB 23 @ ATL 34,2,3.5,-3.5
255,DET 24 @ NYG 10,2,3,-3
256,NYJ 37 @ BUF 31,2,1.5,-1.5
257,NO 13 @ NYG 16,2,3.5,-3.5
258,KC 12 @ HOU 19,2,-1,1
259,CIN 16 @ PIT 24,2,3,-3
260,DAL 27 @ WAS 23,2,3.5,-3.5
261,MIA 24 @ NE 31,2,5.5,-5.5
262,TEN 16 @ DET 15,2,6,-6
263,BAL 25 @ CLE 20,2,-4,4
264,SF 27 @ CAR 46,2,12,-12
265,TB 7 @ ARI 40,2,7.5,-7.5
266,SEA 3 @ LA 9,2,-5.5,5.5
267,IND 20 @ DEN 34,2,5,-5
268,JAC 14 @ SD 38,2,3,-3
269,ATL 35 @ OAK 28,2,4,-4
270,GB 14 @ MIN 17,2,-1.5,1.5
271,PHI 29 @ CHI 14,2,3,-3
272,DEN 31 @ KC 24,2,3,-3
273,DET 16 @ MIN 26,2,2.5,-2.5
274,ARI 48 @ CHI 23,2,-2,2
275,TEN 14 @ CLE 28,2,1,-1
276,NE 40 @ BUF 32,2,2,-2
277,HOU 17 @ CAR 24,2,3,-3
278,SF 18 @ PIT 43,2,6,-6
279,SD 19 @ CIN 24,2,3.5,-3.5
280,STL 10 @ WAS 24,2,-3,3
281,ATL 24 @ NYG 20,2,2,-2
282,TB 26 @ NO 19,2,9.5,-9.5
283,BAL 33 @ OAK 37,2,-6,6
284,MIA 20 @ JAC 23,2,-5,5
285,DAL 20 @ PHI 10,2,7,-7
286,SEA 17 @ GB 27,2,3.5,-3.5
287,NYJ 20 @ IND 7,2,6,-6
288,PIT 6 @ BAL 26,2,2.5,-2.5
289,MIA 10 @ BUF 29,2,1,-1
290,JAC 10 @ WAS 41,2,5,-5
291,DAL 26 @ TEN 10,2,3,-3
292,ARI 25 @ NYG 14,2,1,-1
293,NE 30 @ MIN 7,2,-3.5,3.5
294,NO 24 @ CLE 26,2,-4.5,4.5
295,ATL 10 @ CIN 24,2,5.5,-5.5
296,DET 7 @ CAR 24,2,1,-1
297,STL 19 @ TB 17,2,4,-4
298,SEA 21 @ SD 30,2,-4.5,4.5
299,HOU 30 @ OAK 14,2,-3,3
300,NYJ 24 @ GB 31,2,7,-7
301,KC 17 @ DEN 24,2,13,-13
302,CHI 28 @ SF 20,2,7,-7
303,PHI 30 @ IND 27,2,3,-3
304,NYJ 10 @ NE 13,2,10.5,-10.5
305,STL 24 @ ATL 31,2,4,-4
306,SD 33 @ PHI 30,2,7.5,-7.5
307,DAL 16 @ KC 17,2,3,-3
308,MIA 24 @ IND 20,2,1,-1
309,TEN 24 @ HOU 30,2,7.5,-7.5
310,WAS 20 @ GB 38,2,9,-9
311,CLE 6 @ BAL 14,2,5.5,-5.5
312,CAR 23 @ BUF 24,2,-3.5,3.5
313,MIN 30 @ CHI 31,2,6,-6
314,NO 16 @ TB 14,2,-3,3
315,DET 21 @ ARI 25,2,-1,1
316,JAC 9 @ OAK 19,2,3.5,-3.5
317,DEN 41 @ NYG 23,2,-3.5,3.5
318,SF 3 @ SEA 29,2,3,-3
319,PIT 10 @ CIN 20,2,7,-7
320,CHI 10 @ GB 23,2,5,-5
321,KC 17 @ BUF 35,2,3,-3
322,BAL 23 @ PHI 24,2,3,-3
323,TB 34 @ NYG 41,2,9,-9
324,ARI 20 @ NE 18,2,13,-13
325,HOU 27 @ JAC 7,2,-6.5,6.5
326,MIN 20 @ IND 23,2,-3,3
327,CLE 27 @ CIN 34,2,7,-7
328,NO 27 @ CAR 35,2,-3,3
329,OAK 13 @ MIA 35,2,-1,1
330,WAS 28 @ STL 31,2,-3.5,3.5
331,DAL 7 @ SEA 27,2,-3,3
332,TEN 10 @ SD 38,2,6.5,-6.5
333,NYJ 10 @ PIT 27,2,4.5,-4.5
334,DET 19 @ SF 27,2,7,-7
335,DEN 21 @ ATL 27,2,3,-3
336,CHI 13 @ NO 30,2,5,-5
337,KC 3 @ DET 48,2,8,-8
338,JAC 3 @ NYJ 32,2,9,-9
339,OAK 35 @ BUF 38,2,4,-4
340,ARI 21 @ WAS 22,2,5,-5
341,BAL 13 @ TEN 26,2,-6,6
342,SEA 0 @ PIT 24,2,14,-14
343,GB 30 @ CAR 23,2,-11,11
344,TB 24 @ MIN 20,2,0,0
345,CLE 27 @ IND 19,2,-2,2
346,DAL 27 @ SF 24,2,-3,3
347,HOU 23 @ MIA 13,2,-3,3
348,SD 21 @ NE 35,2,6,-6
349,CIN 22 @ DEN 24,2,3,-3
350,PHI 31 @ ATL 35,2,-3,3
351,STL 16 @ NYG 28,2,7,-7
352,KC 16 @ CLE 14,2,3,-3
353,BUF 7 @ GB 34,2,13,-13
354,BAL 10 @ CIN 15,2,-3,3
355,PIT 19 @ TEN 11,2,6,-6
356,PHI 35 @ DET 32,2,-7,7
357,CHI 27 @ DAL 20,2,7,-7
358,TB 20 @ CAR 7,2,4,-4
359,ARI 7 @ ATL 41,2,7,-7
360,MIA 14 @ MIN 10,2,6,-6
361,STL 14 @ OAK 16,2,3,-3
362,SEA 14 @ DEN 31,2,3,-3
363,HOU 30 @ WAS 27,2,-3,3
364,JAC 13 @ SD 38,2,7,-7
365,NE 14 @ NYJ 28,2,-3,3
366,NYG 14 @ IND 38,2,4,-4
367,NO 25 @ SF 22,2,-5,5
368,OAK 13 @ KC 10,2,3,-3
369,HOU 34 @ TEN 31,2,7,-7
370,NE 9 @ NYJ 16,2,-3,3
371,CIN 31 @ GB 24,2,10,-10
372,MIN 27 @ DET 13,2,-10,10
373,NO 48 @ PHI 22,2,0,0
374,CAR 20 @ ATL 28,2,6,-6
375,STL 7 @ WAS 9,2,10,-10
376,ARI 31 @ JAC 17,2,3,-3
377,SEA 10 @ SF 23,2,2,-2
378,TB 20 @ BUF 33,2,6,-6
379,CLE 6 @ DEN 27,2,3,-3
380,BAL 31 @ SD 26,2,3,-3
381,PIT 14 @ CHI 17,2,-3,3
382,NYG 33 @ DAL 31,2,3,-3
383,IND 27 @ MIA 23,2,-3,3
384,OAK 23 @ KC 8,2,3,-3
385,TEN 24 @ CIN 7,2,-1,1
386,IND 18 @ MIN 15,2,0,0
387,NO 24 @ WAS 29,2,0,0
388,GB 48 @ DET 25,2,-3,3
389,CHI 17 @ CAR 20,2,3,-3
390,NYG 41 @ STL 13,2,-8,8
391,BUF 20 @ JAC 16,2,4,-4
392,ATL 9 @ TB 24,2,7,-7
393,SF 33 @ SEA 30,2,6,-6
394,MIA 10 @ ARI 31,2,6,-6
395,NE 19 @ NYJ 10,2,-1,1
396,SD 38 @ DEN 39,2,2,-2
397,PIT 10 @ CLE 6,2,-6,6
398,PHI 37 @ DAL 41,2,7,-7
399,BUF 3 @ PIT 26,2,10,-10
400,CIN 45 @ CLE 51,2,-7,7
401,IND 22 @ TEN 20,2,-7,7
402,HOU 34 @ CAR 21,2,7,-7
403,SF 17 @ STL 16,2,3,-3
404,GB 35 @ NYG 13,2,3,-3
405,ATL 7 @ JAC 13,2,10,-10
406,NO 14 @ TB 31,2,-6,6
407,MIN 17 @ DET 20,2,3,-3
408,DAL 37 @ MIA 20,2,-3,3
409,SEA 20 @ ARI 23,2,-3,3
410,NYJ 13 @ BAL 20,2,10,-10
411,OAK 20 @ DEN 23,2,10,-10
412,KC 10 @ CHI 20,2,12,-12
413,SD 14 @ NE 38,2,4,-4
414,WAS 20 @ PHI 12,2,7,-7
415,TEN 7 @ JAC 20,3,-1.5,1.5
416,ATL 24 @ IND 27,3,1,-1
417,BAL 28 @ KC 33,3,4.5,-4.5
418,CIN 17 @ BUF 21,3,5.5,-5.5
419,DEN 16 @ GB 27,3,7,-7
420,DET 27 @ PHI 24,3,4,-4
421,MIA 6 @ DAL 31,3,22,-22
422,NYJ 14 @ NE 30,3,20.5,-20.5
423,OAK 14 @ MIN 34,3,8.5,-8.5
424,CAR 38 @ ARI 20,3,2.5,-2.5
425,NYG 32 @ TB 31,3,5,-5
426,HOU 27 @ LAC 20,3,3,-3
427,NO 33 @ SEA 27,3,5,-5
428,PIT 20 @ SF 24,3,6,-6
429,LAR 20 @ CLE 13,3,-4,4
430,CHI 31 @ WAS 15,3,-5,5
431,NYJ 17 @ CLE 21,3,3,-3
432,BUF 27 @ MIN 6,3,16.5,-16.5
433,CIN 21 @ CAR 31,3,2.5,-2.5
434,DEN 14 @ BAL 27,3,5.5,-5.5
435,GB 17 @ WAS 31,3,-2.5,2.5
436,IND 16 @ PHI 20,3,6.5,-6.5
437,NO 43 @ ATL 37,3,1.5,-1.5
438,NYG 27 @ HOU 22,3,6.5,-6.5
439,OAK 20 @ MIA 28,3,3,-3
440,SF 27 @ KC 38,3,6,-6
441,TEN 9 @ JAC 6,3,10,-10
442,LAC 23 @ LAR 35,3,7.5,-7.5
443,CHI 16 @ ARI 14,3,-6,6
444,DAL 13 @ SEA 24,3,1,-1
445,NE 10 @ DET 26,3,-7,7
446,PIT 30 @ TB 27,3,1,-1
447,LAR 41 @ SF 39,3,-3,3
448,BAL 7 @ JAC 44,3,-3,3
449,ATL 30 @ DET 26,3,-3,3
450,CLE 28 @ IND 31,3,1,-1
451,TB 17 @ MIN 34,3,0,0
452,HOU 33 @ NE 36,3,13.5,-13.5
453,MIA 6 @ NYJ 20,3,-5.5,5.5
454,NYG 24 @ PHI 27,3,5,-5
455,DEN 16 @ BUF 26,3,-3.5,3.5
456,NO 34 @ CAR 13,3,5.5,-5.5
457,PIT 17 @ CHI 23,3,-7,7
458,SEA 27 @ TEN 33,3,2,-2
459,CIN 24 @ GB 27,3,7,-7
460,KC 24 @ LAC 10,3,-3,3
461,OAK 10 @ WAS 27,3,-3.5,3.5
462,DAL 28 @ ARI 17,3,-3,3
463,HOU 0 @ NE 27,3,0,0
464,MIN 22 @ CAR 10,3,6,-6
465,DET 27 @ GB 34,3,8.5,-8.5
466,BAL 19 @ JAC 17,3,-1,1
467,ARI 18 @ BUF 33,3,-5,5
468,OAK 17 @ TEN 10,3,-1.5,1.5
469,CLE 24 @ MIA 30,3,10,-10
470,WAS 29 @ NYG 27,3,3.5,-3.5
471,DEN 29 @ CIN 17,3,3.5,-3.5
472,SF 18 @ SEA 37,3,10.5,-10.5
473,LA 37 @ TB 32,3,3.5,-3.5
474,NYJ 3 @ KC 24,3,3,-3
475,SD 22 @ IND 26,3,1.5,-1.5
476,PIT 3 @ PHI 34,3,-3.5,3.5
477,CHI 17 @ DAL 31,3,6.5,-6.5
478,ATL 45 @ NO 32,3,2.5,-2.5
479,WAS 21 @ NYG 32,3,3,-3
480,SD 14 @ MIN 31,3,2.5,-2.5
481,OAK 27 @ CLE 20,3,3.5,-3.5
482,CIN 28 @ BAL 24,3,2.5,-2.5
483,NO 22 @ CAR 27,3,10,-10
484,ATL 39 @ DAL 28,3,1,-1
485,TB 9 @ HOU 19,3,6,-6
486,IND 35 @ TEN 33,3,-3,3
487,PIT 12 @ STL 6,3,1.5,-1.5
488,JAC 17 @ NE 51,3,14.5,-14.5
489,PHI 24 @ NYJ 17,3,3,-3
490,SF 7 @ ARI 47,3,7,-7
491,CHI 0 @ SEA 26,3,16.5,-16.5
492,BUF 41 @ MIA 14,3,1,-1
493,DEN 24 @ DET 12,3,-3,3
494,KC 28 @ GB 38,3,4.5,-4.5
495,TB 14 @ ATL 56,3,6.5,-6.5
496,SD 22 @ BUF 10,3,2.5,-2.5
497,DAL 34 @ STL 31,3,-1.5,1.5
498,WAS 34 @ PHI 37,3,4,-4
499,HOU 17 @ NYG 30,3,1,-1
500,MIN 9 @ NO 20,3,10,-10
501,TEN 7 @ CIN 33,3,6.5,-6.5
502,BAL 23 @ CLE 21,3,-2,2
503,GB 7 @ DET 19,3,1.5,-1.5
504,IND 44 @ JAC 17,3,-6,6
505,OAK 9 @ NE 16,3,14,-14
506,SF 14 @ ARI 23,3,-3,3
507,DEN 20 @ SEA 26,3,4,-4
508,KC 34 @ MIA 15,3,6,-6
509,PIT 37 @ CAR 19,3,3,-3
510,CHI 27 @ NYJ 19,3,1.5,-1.5
511,KC 26 @ PHI 16,3,3,-3
512,HOU 9 @ BAL 30,3,1,-1
513,DET 27 @ WAS 20,3,-1,1
514,SD 17 @ TEN 20,3,3,-3
515,ARI 7 @ NO 31,3,8,-8
516,TB 3 @ NE 23,3,7.5,-7.5
517,CLE 31 @ MIN 27,3,7,-7
518,NYG 0 @ CAR 38,3,-1,1
519,GB 30 @ CIN 34,3,-3,3
520,STL 7 @ DAL 31,3,3.5,-3.5
521,ATL 23 @ MIA 27,3,3,-3
522,BUF 20 @ NYJ 27,3,2.5,-2.5
523,JAC 17 @ SEA 45,3,19.5,-19.5
524,IND 27 @ SF 7,3,10.5,-10.5
525,CHI 40 @ PIT 23,3,-2.5,2.5
526,OAK 21 @ DEN 37,3,16,-16
527,NYG 36 @ CAR 7,3,2.5,-2.5
528,STL 6 @ CHI 23,3,7,-7
529,CIN 38 @ WAS 31,3,3,-3
530,DET 41 @ TEN 44,3,-3.5,3.5
531,KC 27 @ NO 24,3,9,-9
532,SF 13 @ MIN 24,3,-6.5,6.5
533,NYJ 23 @ MIA 20,3,-2.5,2.5
534,BUF 24 @ CLE 14,3,-2.5,2.5
535,TB 10 @ DAL 16,3,7,-7
536,JAC 22 @ IND 17,3,3,-3
537,ATL 27 @ SD 3,3,3,-3
538,PHI 6 @ ARI 27,3,-3,3
539,PIT 31 @ OAK 34,3,-3.5,3.5
540,HOU 31 @ DEN 25,3,-1,1
541,NE 30 @ BAL 31,3,2.5,-2.5
542,GB 12 @ SEA 14,3,-3,3
543,SF 13 @ CIN 8,3,2,-2
544,NE 31 @ BUF 34,3,-7,7
545,HOU 33 @ NO 40,3,3,-3
546,NYG 29 @ PHI 16,3,8,-8
547,MIA 16 @ CLE 17,3,-2,2
548,DEN 14 @ TEN 17,3,7,-7
549,DET 26 @ MIN 23,3,-3,3
550,JAC 10 @ CAR 16,3,3,-3
551,KC 17 @ SD 20,3,14,-14
552,NYJ 24 @ OAK 34,3,-3,3
553,BAL 37 @ STL 7,3,-5,5
554,ATL 13 @ TB 16,3,1,-1
555,ARI 10 @ SEA 13,3,-3,3
556,GB 27 @ CHI 17,3,-4,4
557,PIT 23 @ IND 20,3,-10.5,10.5
558,WAS 16 @ DAL 18,3,3.5,-3.5
559,TEN 29 @ NYG 10,3,3,-3
560,BUF 30 @ NE 38,3,15,-15
561,CLE 17 @ BAL 24,3,13,-13
562,PIT 38 @ TB 13,3,-3,3
563,CIN 20 @ CAR 7,3,-3,3
564,ATL 27 @ NO 24,3,3,-3
565,SF 10 @ KC 31,3,-3,3
566,DET 10 @ MIN 24,3,13,-13
567,DAL 27 @ HOU 13,3,3,-3
568,WAS 16 @ STL 30,3,-5,5
569,PHI 28 @ JAC 3,3,-3,3
570,IND 27 @ DEN 13,3,-6,6
571,SD 20 @ SEA 27,3,-4,4
572,OAK 23 @ ARI 24,3,6,-6
573,NYJ 31 @ MIA 23,3,2,-2
574,GB 17 @ CHI 20,3,-3,3
575,TEN 17 @ NYJ 24,3,1,-1
576,JAC 31 @ HOU 24,3,4,-4
577,KC 14 @ PHI 34,3,8,-8
578,CLE 3 @ BAL 34,3,8,-8
579,NYG 24 @ TB 0,3,4,-4
580,WAS 14 @ DET 19,3,4,-4
581,GB 36 @ STL 17,3,-7,7
582,SF 24 @ MIN 27,3,-4,4
583,ATL 10 @ NE 26,3,-4,4
584,CHI 25 @ SEA 19,3,4,-4
585,NO 27 @ BUF 7,3,4,-4
586,MIA 13 @ SD 23,3,-4,4
587,PIT 20 @ CIN 23,3,4,-4
588,DEN 23 @ OAK 3,3,4,-4
589,IND 31 @ ARI 10,3,3,-3
590,CAR 7 @ DAL 21,3,9,-9
591,KC 14 @ ATL 38,3,6,-6
592,OAK 23 @ BUF 24,3,10,-10
593,HOU 12 @ TEN 31,3,5,-5
594,CIN 23 @ NYG 26,3,13,-13
595,ARI 17 @ WAS 24,3,3,-3
596,MIA 38 @ NE 13,3,13,-13
597,TB 27 @ CHI 24,3,3,-3
598,CAR 10 @ MIN 20,3,3,-3
599,STL 13 @ SEA 37,3,8,-8
600,DET 13 @ SF 31,3,5,-5
601,NO 32 @ DEN 34,3,6,-6
602,PIT 6 @ PHI 15,3,4,-4
603,JAC 23 @ IND 21,3,4,-4
604,CLE 10 @ BAL 28,3,3,-3
605,DAL 27 @ GB 16,3,-3,3
606,NYJ 29 @ SD 48,3,8,-8
607,IND 30 @ HOU 24,3,-7,7
608,SD 24 @ GB 31,3,-6,6
609,MIN 10 @ KC 13,3,3,-3
610,DET 21 @ PHI 56,3,5,-5
611,BUF 7 @ NE 38,3,17,-17
612,MIA 28 @ NYJ 31,3,3,-3
613,ARI 23 @ BAL 26,3,7,-7
614,STL 3 @ TB 24,3,4,-4
615,SF 16 @ PIT 37,3,10,-10
616,JAC 23 @ DEN 14,3,4,-4
617,CIN 21 @ SEA 24,3,3,-3
618,CLE 24 @ OAK 26,3,3,-3
619,CAR 27 @ ATL 20,3,-4,4
620,NYG 24 @ WAS 17,3,4,-4
621,DAL 34 @ CHI 10,3,3,-3
622,TEN 31 @ NO 14,3,5,-5
623,PHI 34 @ GB 27,4,3.5,-3.5
624,CAR 16 @ HOU 10,4,5.5,-5.5
625,CLE 40 @ BAL 25,4,7.5,-7.5
626,KC 34 @ DET 30,4,-7.5,7.5
627,LAC 30 @ MIA 10,4,-15,15
628,NE 16 @ BUF 10,4,-7,7
629,OAK 31 @ IND 24,4,5.5,-5.5
630,TEN 24 @ ATL 10,4,3.5,-3.5
631,WAS 3 @ NYG 24,4,3,-3
632,SEA 27 @ ARI 10,4,-5.5,5.5
633,TB 55 @ LAR 40,4,9,-9
634,JAC 26 @ DEN 24,4,2.5,-2.5
635,MIN 6 @ CHI 16,4,-1,1
636,DAL 10 @ NO 12,4,-2.5,2.5
637,CIN 3 @ PIT 27,4,3.5,-3.5
638,MIN 31 @ LAR 38,4,7.5,-7.5
639,BUF 0 @ GB 22,4,8.5,-8.5
640,CIN 37 @ ATL 36,4,3.5,-3.5
641,DET 24 @ DAL 26,4,2.5,-2.5
642,HOU 37 @ IND 34,4,-1,1
643,MIA 7 @ NE 38,4,6.5,-6.5
644,NYJ 12 @ JAC 31,4,7.5,-7.5
645,PHI 23 @ TEN 26,4,-3,3
646,TB 10 @ CHI 48,4,3,-3
647,CLE 42 @ OAK 45,4,2.5,-2.5
648,SEA 20 @ ARI 17,4,-3.5,3.5
649,NO 33 @ NYG 18,4,-3.5,3.5
650,SF 27 @ LAC 29,4,10,-10
651,BAL 26 @ PIT 14,4,3,-3
652,KC 27 @ DEN 23,4,-3.5,3.5
653,CHI 14 @ GB 35,4,7.5,-7.5
654,NO 20 @ MIA 0,4,-4,4
655,TEN 14 @ HOU 57,4,-2.5,2.5
656,DET 14 @ MIN 7,4,2.5,-2.5
657,CAR 33 @ NE 30,4,9,-9
658,JAC 20 @ NYJ 23,4,-4,4
659,BUF 23 @ ATL 17,4,8,-8
660,PIT 26 @ BAL 9,4,-3.5,3.5
661,CIN 31 @ CLE 7,4,-3,3
662,LAR 35 @ DAL 30,4,5,-5
663,SF 15 @ ARI 18,4,6.5,-6.5
664,PHI 26 @ LAC 24,4,1.5,-1.5
665,NYG 23 @ TB 25,4,2.5,-2.5
666,OAK 10 @ DEN 16,4,3.5,-3.5
667,IND 18 @ SEA 46,4,12.5,-12.5
668,WAS 20 @ KC 29,4,6.5,-6.5
669,MIA 7 @ CIN 22,4,7.5,-7.5
670,IND 27 @ JAC 30,4,1,-1
671,BUF 16 @ NE 0,4,3.5,-3.5
672,SEA 27 @ NYJ 17,4,-1,1
673,DET 14 @ CHI 17,4,-3,3
674,CAR 33 @ ATL 48,4,-2.5,2.5
675,OAK 28 @ BAL 27,4,3.5,-3.5
676,TEN 20 @ HOU 27,4,4,-4
677,CLE 20 @ WAS 31,4,7.5,-7.5
678,DEN 27 @ TB 7,4,-3.5,3.5
679,LA 17 @ ARI 13,4,10,-10
680,NO 35 @ SD 34,4,4,-4
681,DAL 24 @ SF 17,4,-1,1
682,KC 14 @ PIT 43,4,3,-3
683,NYG 10 @ MIN 24,4,3.5,-3.5
684,BAL 23 @ PIT 20,4,-3,3
685,NYJ 27 @ MIA 14,4,-2.5,2.5
686,OAK 20 @ CHI 22,4,-3,3
687,HOU 21 @ ATL 48,4,4,-4
688,NYG 24 @ BUF 10,4,6,-6
689,JAC 13 @ IND 16,4,4,-4
690,KC 21 @ CIN 36,4,3.5,-3.5
691,PHI 20 @ WAS 23,4,-3,3
692,CAR 37 @ TB 23,4,-3,3
693,CLE 27 @ SD 30,4,4.5,-4.5
694,STL 24 @ ARI 22,4,7,-7
695,MIN 20 @ DEN 23,4,7,-7
696,GB 17 @ SF 3,4,-7.5,7.5
697,DAL 20 @ NO 26,4,3,-3
698,DET 10 @ SEA 13,4,10,-10
699,NYG 45 @ WAS 14,4,3,-3
700,GB 38 @ CHI 17,4,-2,2
701,BUF 17 @ HOU 23,4,3,-3
702,TEN 17 @ IND 41,4,7.5,-7.5
703,CAR 10 @ BAL 38,4,3.5,-3.5
704,DET 24 @ NYJ 17,4,2,-2
705,TB 27 @ PIT 24,4,7.5,-7.5
706,MIA 38 @ OAK 14,4,-4,4
707,JAC 14 @ SD 33,4,13,-13
708,ATL 28 @ MIN 41,4,-5.5,5.5
709,PHI 21 @ SF 26,4,3.5,-3.5
710,NO 17 @ DAL 38,4,-3,3
711,NE 14 @ KC 41,4,-3,3
712,SF 35 @ STL 11,4,-3,3
713,BAL 20 @ BUF 23,4,-4,4
714,ARI 13 @ TB 10,4,2.5,-2.5
715,PIT 27 @ MIN 34,4,-3,3
716,NYG 7 @ KC 31,4,3.5,-3.5
717,IND 37 @ JAC 3,4,-9.5,9.5
718,SEA 23 @ HOU 20,4,-1,1
719,CIN 6 @ CLE 17,4,-3.5,3.5
720,CHI 32 @ DET 40,4,3,-3
721,NYJ 13 @ TEN 38,4,3.5,-3.5
722,WAS 24 @ OAK 14,4,-3.5,3.5
723,PHI 20 @ DEN 52,4,10.5,-10.5
724,DAL 21 @ SD 30,4,-1,1
725,NE 30 @ ATL 23,4,3,-3
726,MIA 17 @ NO 38,4,7,-7
727,CLE 16 @ BAL 23,4,11.5,-11.5
728,CAR 28 @ ATL 30,4,7,-7
729,SEA 13 @ STL 19,4,-2,2
730,SF 34 @ NYJ 0,4,-3.5,3.5
731,SD 37 @ KC 20,4,-2.5,2.5
732,TEN 14 @ HOU 38,4,13,-13
733,MIN 20 @ DET 13,4,3.5,-3.5
734,NE 52 @ BUF 28,4,-3.5,3.5
735,CIN 27 @ JAC 10,4,1,-1
736,OAK 6 @ DEN 37,4,6.5,-6.5
737,MIA 21 @ ARI 24,4,4,-4
738,WAS 24 @ TB 22,4,1.5,-1.5
739,NO 27 @ GB 28,4,7.5,-7.5
740,NYG 17 @ PHI 19,4,1.5,-1.5
741,CHI 34 @ DAL 18,4,3,-3
742,DET 34 @ DAL 30,4,3,-3
743,NO 23 @ JAC 10,4,-8,8
744,SF 24 @ PHI 23,4,10,-10
745,WAS 17 @ STL 10,4,-3,3
746,TEN 31 @ CLE 13,4,2,-2
747,BUF 20 @ CIN 23,4,-3,3
748,MIN 17 @ KC 22,4,-3,3
749,CAR 29 @ CHI 34,4,7,-7
750,PIT 10 @ HOU 17,4,4,-4
751,ATL 30 @ SEA 28,4,-6,6
752,NYG 31 @ ARI 27,4,-2,2
753,MIA 16 @ SD 26,4,7,-7
754,DEN 23 @ GB 49,4,12,-12
755,NE 31 @ OAK 19,4,-7,7
756,NYJ 17 @ BAL 34,4,6,-6
757,IND 17 @ TB 24,4,10,-10
758,DEN 26 @ TEN 20,4,6,-6
759,BAL 17 @ PIT 14,4,3,-3
760,CIN 20 @ CLE 23,4,-2,2
761,DET 26 @ GB 28,4,15,-15
762,CAR 14 @ NO 16,4,13,-13
763,SF 14 @ ATL 16,4,7,-7
764,SEA 3 @ STL 20,4,-3,3
765,NYJ 38 @ BUF 14,4,-6,6
766,IND 28 @ JAC 31,4,-7,7
767,HOU 31 @ OAK 24,4,-3,3
768,ARI 10 @ SD 41,4,10,-10
769,WAS 17 @ PHI 12,4,5,-5
770,CHI 3 @ NYG 17,4,4,-4
771,NE 41 @ MIA 14,4,0,0
772,OAK 6 @ HOU 29,4,8,-8
773,BAL 21 @ NE 27,4,2,-2
774,CIN 23 @ CLE 20,4,-6,6
775,NYG 27 @ KC 16,4,-9,9
776,DET 24 @ CHI 48,4,10,-10
777,TB 13 @ WAS 16,4,10,-10
778,SEA 17 @ IND 34,4,10,-10
779,TEN 17 @ JAC 37,4,-3,3
780,NYJ 10 @ NO 24,4,8,-8
781,BUF 10 @ MIA 38,4,2,-2
782,STL 0 @ SF 35,4,9,-9
783,DAL 10 @ DEN 17,4,-3,3
784,SD 28 @ PIT 38,4,6,-6
785,GB 23 @ MIN 30,4,5,-5
786,DEN 19 @ KC 33,4,-8,8
787,CLE 20 @ CIN 12,4,1,-1
788,HOU 27 @ JAC 30,4,7,-7
789,ARI 35 @ NYJ 56,4,2,-2
790,SF 17 @ NO 31,4,4,-4
791,ATL 9 @ CAR 24,4,7,-7
792,MIN 17 @ TEN 30,4,3,-3
793,GB 21 @ TB 30,4,2,-2
794,BUF 31 @ STL 14,4,-9,9
795,SD 28 @ OAK 18,4,-8,8
796,WAS 26 @ DAL 24,4,10,-10
797,PHI 20 @ CHI 24,4,-3,3
798,BAL 20 @ PIT 23,4,6,-6
799,OAK 35 @ MIA 17,4,4,-4
800,HOU 16 @ ATL 26,4,-3,3
801,BAL 13 @ CLE 27,4,-4,4
802,CHI 27 @ DET 37,4,-3,3
803,GB 23 @ MIN 16,4,0,0
804,STL 7 @ DAL 35,4,13,-13
805,NYJ 14 @ BUF 17,4,-3,3
806,TB 20 @ CAR 7,4,3,-3
807,SEA 23 @ SF 3,4,-2,2
808,PIT 14 @ ARI 21,4,-6,6
809,KC 30 @ SD 16,4,13,-13
810,DEN 20 @ IND 38,4,10,-10
811,PHI 3 @ NYG 16,4,-2,2
812,NE 34 @ CIN 13,4,-8,8
813,LAR 29 @ SEA 30,5,1.5,-1.5
814,ARI 26 @ CIN 23,5,3,-3
815,ATL 32 @ HOU 53,5,4,-4
816,BAL 26 @ PIT 23,5,-3.5,3.5
817,BUF 14 @ TEN 7,5,3.5,-3.5
818,CHI 21 @ OAK 24,5,-6.5,6.5
819,JAC 27 @ CAR 34,5,3,-3
820,MIN 28 @ NYG 10,5,-5.5,5.5
821,NE 33 @ WAS 7,5,-15.5,15.5
822,NYJ 6 @ PHI 31,5,14,-14
823,TB 24 @ NO 31,5,3,-3
824,DEN 20 @ LAC 13,5,4,-4
825,GB 34 @ DAL 24,5,3.5,-3.5
826,IND 19 @ KC 13,5,10.5,-10.5
827,CLE 3 @ SF 31,5,5,-5
828,IND 24 @ NE 38,5,10.5,-10.5
829,MIA 17 @ CIN 27,5,6,-6
830,ATL 17 @ PIT 41,5,3.5,-3.5
831,BAL 9 @ CLE 12,5,-3,3
832,DEN 16 @ NYJ 34,5,-1,1
833,GB 23 @ DET 31,5,1,-1
834,JAC 14 @ KC 39,5,3,-3
835,NYG 31 @ CAR 33,5,7,-7
836,TEN 12 @ BUF 13,5,-6,6
837,OAK 10 @ LAC 26,5,5.5,-5.5
838,ARI 28 @ SF 18,5,3,-3
839,LAR 33 @ SEA 31,5,-7.5,7.5
840,MIN 23 @ PHI 21,5,3.5,-3.5
841,DAL 16 @ HOU 19,5,3.5,-3.5
842,WAS 19 @ NO 43,5,5.5,-5.5
843,NE 19 @ TB 14,5,-3.5,3.5
844,TEN 10 @ MIA 16,5,0,0
845,LAC 27 @ NYG 22,5,3,-3
846,BUF 16 @ CIN 20,5,3,-3
847,JAC 30 @ PIT 9,5,7.5,-7.5
848,ARI 7 @ PHI 34,5,6,-6
849,NYJ 17 @ CLE 14,5,-1.5,1.5
850,CAR 27 @ DET 24,5,2,-2
851,SF 23 @ IND 26,5,-1,1
852,SEA 16 @ LAR 10,5,2,-2
853,BAL 30 @ OAK 17,5,3,-3
854,GB 35 @ DAL 31,5,2.5,-2.5
855,KC 42 @ HOU 34,5,-2,2
856,MIN 20 @ CHI 17,5,-3.5,3.5
857,ARI 33 @ SF 21,5,-3.5,3.5
858,WAS 16 @ BAL 10,5,4,-4
859,TEN 30 @ MIA 17,5,2.5,-2.5
860,HOU 13 @ MIN 31,5,6,-6
861,CHI 23 @ IND 29,5,4,-4
862,NYJ 13 @ PIT 31,5,10,-10
863,PHI 23 @ DET 24,5,-3.5,3.5
864,NE 33 @ CLE 13,5,-10,10
865,ATL 23 @ DEN 16,5,3.5,-3.5
866,SD 31 @ OAK 34,5,3.5,-3.5
867,BUF 30 @ LA 19,5,-2.5,2.5
868,CIN 14 @ DAL 28,5,-2.5,2.5
869,NYG 16 @ GB 23,5,7,-7
870,TB 17 @ CAR 14,5,6,-6
871,IND 27 @ HOU 20,5,4.5,-4.5
872,CLE 33 @ BAL 30,5,6,-6
873,STL 10 @ GB 24,5,8.5,-8.5
874,BUF 14 @ TEN 13,5,1,-1
875,NO 17 @ PHI 39,5,6.5,-6.5
876,WAS 19 @ ATL 25,5,7.5,-7.5
877,SEA 24 @ CIN 27,5,3,-3
878,CHI 18 @ KC 17,5,10,-10
879,JAC 31 @ TB 38,5,1,-1
880,ARI 42 @ DET 17,5,-4.5,4.5
881,NE 30 @ DAL 6,5,-8,8
882,DEN 16 @ OAK 10,5,-5,5
883,SF 27 @ NYG 30,5,7.5,-7.5
884,PIT 24 @ SD 20,5,3.5,-3.5
885,MIN 10 @ GB 42,5,8.5,-8.5
886,CHI 24 @ CAR 31,5,1.5,-1.5
887,CLE 29 @ TEN 28,5,-1,1
888,STL 28 @ PHI 34,5,3.5,-3.5
889,ATL 20 @ NYG 30,5,4,-4
890,TB 31 @ NO 37,5,11,-11
891,HOU 17 @ DAL 20,5,5,-5
892,BUF 17 @ DET 14,5,4.5,-4.5
893,BAL 13 @ IND 20,5,2.5,-2.5
894,PIT 17 @ JAC 9,5,-6,6
895,ARI 20 @ DEN 41,5,8,-8
896,KC 17 @ SF 22,5,4,-4
897,NYJ 0 @ SD 31,5,7,-7
898,CIN 17 @ NE 43,5,-2.5,2.5
899,SEA 27 @ WAS 17,5,-7,7
900,BUF 24 @ CLE 37,5,3.5,-3.5
901,BAL 26 @ MIA 23,5,2.5,-2.5
902,JAC 20 @ STL 34,5,11,-11
903,KC 26 @ TEN 17,5,-2.5,2.5
904,PHI 36 @ NYG 21,5,-1,1
905,SEA 28 @ IND 34,5,-3,3
906,NO 26 @ CHI 18,5,1,-1
907,NE 6 @ CIN 13,5,-2,2
908,DET 9 @ GB 22,5,10,-10
909,CAR 6 @ ARI 22,5,-3,3
910,DEN 51 @ DAL 48,5,-7.5,7.5
911,SD 17 @ OAK 27,5,-6,6
912,HOU 3 @ SF 34,5,4,-4
913,NYJ 30 @ ATL 28,5,10,-10
914,ARI 3 @ STL 17,5,-1,1
915,GB 27 @ IND 30,5,-6.5,6.5
916,BAL 9 @ KC 6,5,-6,6
917,CLE 27 @ NYG 41,5,7.5,-7.5
918,MIA 17 @ CIN 13,5,3,-3
919,PHI 14 @ PIT 16,5,4,-4
920,ATL 24 @ WAS 17,5,-3,3
921,SEA 16 @ CAR 12,5,1,-1
922,CHI 41 @ JAC 3,5,-6,6
923,TEN 7 @ MIN 30,5,6,-6
924,DEN 21 @ NE 31,5,6,-6
925,BUF 3 @ SF 45,5,10,-10
926,SD 24 @ NO 31,5,3.5,-3.5
927,HOU 23 @ NYJ 17,5,-9.5,9.5
928,KC 28 @ IND 24,5,1,-1
929,ARI 10 @ MIN 34,5,3.5,-3.5
930,PHI 24 @ BUF 31,5,-2.5,2.5
931,OAK 25 @ HOU 20,5,4.5,-4.5
932,NO 30 @ CAR 27,5,-6.5,6.5
933,CIN 30 @ JAC 20,5,-1,1
934,TEN 17 @ PIT 38,5,3,-3
935,SEA 36 @ NYG 25,5,9.5,-9.5
936,TB 3 @ SF 48,5,2.5,-2.5
937,NYJ 21 @ NE 30,5,7.5,-7.5
938,SD 29 @ DEN 24,5,-3.5,3.5
939,GB 25 @ ATL 14,5,-5.5,5.5
940,CHI 13 @ DET 24,5,6.5,-6.5
941,DEN 17 @ BAL 31,5,8,-8
942,JAC 36 @ BUF 26,5,3,-3
943,KC 9 @ IND 19,5,7,-7
944,STL 6 @ DET 44,5,3,-3
945,ATL 20 @ CLE 10,5,-3,3
946,TB 24 @ CIN 21,5,7,-7
947,CHI 23 @ CAR 6,5,3,-3
948,GB 13 @ WAS 16,5,-3,3
949,NYG 34 @ HOU 10,5,3,-3
950,NO 20 @ ARI 30,5,-7,7
951,SD 27 @ OAK 35,5,-7,7
952,TEN 34 @ DAL 27,5,7,-7
953,PHI 27 @ SF 24,5,3,-3
954,MIN 20 @ NYJ 29,5,4,-4
955,MIN 38 @ STL 10,5,-10,10
956,DAL 26 @ KC 20,5,-7,7
957,WAS 17 @ CAR 20,5,5,-5
958,TB 14 @ PHI 33,5,16,-16
959,OAK 7 @ NYG 44,5,15,-15
960,CLE 6 @ BUF 3,5,6,-6
961,CIN 17 @ BAL 14,5,9,-9
962,PIT 28 @ DET 20,5,-11,11
963,ATL 45 @ SF 10,5,0,0
964,NE 17 @ DEN 20,5,-3,3
965,HOU 21 @ ARI 28,5,6,-6
966,JAC 0 @ SEA 41,5,2,-2
967,IND 31 @ TEN 9,5,-3,3
968,NYJ 27 @ MIA 31,5,-3,3
969,IND 31 @ HOU 27,5,-5,5
970,TEN 13 @ BAL 10,5,-1,1
971,SD 10 @ MIA 17,5,-6,6
972,KC 0 @ CAR 34,5,10,-10
973,WAS 23 @ PHI 17,5,7,-7
974,CHI 34 @ DET 7,5,-3,3
975,ATL 27 @ GB 24,5,6,-6
976,SEA 6 @ NYG 44,5,6,-6
977,TB 13 @ DEN 16,5,4,-4
978,NE 30 @ SF 21,5,-3,3
979,BUF 17 @ ARI 41,5,2,-2
980,CIN 22 @ DAL 31,5,16,-16
981,PIT 26 @ JAC 21,5,6,-6
982,MIN 30 @ NO 27,5,3,-3
983,CAR 16 @ NO 13,5,4,-4
984,JAC 17 @ KC 7,5,-2,2
985,DET 3 @ WAS 34,5,4,-4
986,ATL 13 @ TEN 20,5,8,-8
987,SEA 0 @ PIT 21,5,5,-5
988,CLE 17 @ NE 34,5,16,-16
989,ARI 34 @ STL 31,5,-4,4
990,NYJ 24 @ NYG 35,5,4,-4
991,MIA 19 @ HOU 22,5,5,-5
992,TB 14 @ IND 33,5,9,-9
993,SD 41 @ DEN 3,5,-2,2
994,BAL 9 @ SF 7,5,-4,4
995,CHI 27 @ GB 20,5,3,-3
996,DAL 25 @ BUF 24,5,-11,11
997,NYG 14 @ NE 35,6,16.5,-16.5
998,CAR 37 @ TB 26,6,-2,2
999,CIN 17 @ BAL 23,6,10.5,-10.5
1000,HOU 31 @ KC 24,6,3.5,-3.5
1001,NO 13 @ JAC 6,6,2.5,-2.5
1002,PHI 20 @ MIN 38,6,3.5,-3.5
1003,SEA 32 @ CLE 28,6,1,-1
1004,WAS 17 @ MIA 16,6,-6,6
1005,ATL 33 @ ARI 34,6,-3,3
1006,SF 20 @ LAR 7,6,3,-3
1007,DAL 22 @ NYJ 24,6,-7,7
1008,TEN 0 @ DEN 16,6,1,-1
1009,PIT 24 @ LAC 17,6,6,-6
1010,DET 22 @ GB 23,6,3.5,-3.5
1011,PHI 34 @ NYG 13,6,-1.5,1.5
1012,ARI 17 @ MIN 27,6,10,-10
1013,CAR 17 @ WAS 23,6,-1,1
1014,CHI 28 @ MIA 31,6,-7.5,7.5
1015,IND 34 @ NYJ 42,6,2.5,-2.5
1016,PIT 28 @ CIN 21,6,1,-1
1017,SEA 27 @ OAK 3,6,-3,3
1018,BUF 13 @ HOU 20,6,10.5,-10.5
1019,LAC 38 @ CLE 14,6,1,-1
1020,TB 29 @ ATL 34,6,3,-3
1021,LAR 23 @ DEN 20,6,-7,7
1022,BAL 21 @ TEN 0,6,-2.5,2.5
1023,JAC 7 @ DAL 40,6,-3,3
1024,KC 40 @ NE 43,6,4,-4
1025,SF 30 @ GB 33,6,9,-9
1026,PHI 28 @ CAR 23,6,3,-3
1027,NE 24 @ NYJ 17,6,-9,9
1028,MIA 20 @ ATL 17,6,14,-14
1029,SF 24 @ WAS 26,6,12,-12
1030,CHI 27 @ BAL 24,6,5.5,-5.5
1031,CLE 17 @ HOU 33,6,7.5,-7.5
1032,GB 10 @ MIN 23,6,-3,3
1033,DET 38 @ NO 52,6,6,-6
1034,TB 33 @ ARI 38,6,-2.5,2.5
1035,LAR 27 @ JAC 17,6,1,-1
1036,PIT 19 @ KC 13,6,3.5,-3.5
1037,LAC 17 @ OAK 16,6,3,-3
1038,NYG 23 @ DEN 10,6,14,-14
1039,IND 22 @ TEN 36,6,7,-7
1040,DEN 13 @ SD 21,6,-155,3
1041,LA 28 @ DET 31,6,166,-2.5
1042,SF 16 @ BUF 45,6,361,-7.5
1043,JAC 17 @ CHI 16,6,138,-2.5
1044,CLE 26 @ TEN 28,6,325,-7.5
1045,PHI 20 @ WAS 27,6,-116,3
1046,BAL 23 @ NYG 27,6,150,-3.5
1047,CAR 38 @ NO 41,6,-136,2.5
1048,PIT 15 @ MIA 30,6,-314,7.5
1049,CIN 17 @ NE 35,6,400,-7.5
1050,KC 26 @ OAK 10,6,-106,1
1051,ATL 24 @ SEA 26,6,250,-7
1052,DAL 30 @ GB 16,6,202,-5
1053,IND 23 @ HOU 26,6,160,-3
1054,NYJ 3 @ ARI 28,6,340,-7.5
1055,ATL 21 @ NO 31,6,-3,3
1056,DEN 26 @ CLE 23,6,-3.5,3.5
1057,CHI 34 @ DET 37,6,3.5,-3.5
1058,HOU 31 @ JAC 20,6,2.5,-2.5
1059,CIN 34 @ BUF 21,6,-3,3
1060,WAS 20 @ NYJ 34,6,7.5,-7.5
1061,KC 10 @ MIN 16,6,3.5,-3.5
1062,ARI 13 @ PIT 25,6,-5.5,5.5
1063,MIA 38 @ TEN 10,6,2.5,-2.5
1064,CAR 27 @ SEA 23,6,7,-7
1065,BAL 20 @ SF 25,6,-2.5,2.5
1066,SD 20 @ GB 27,6,10.5,-10.5
1067,NE 34 @ IND 27,6,-8,8
1068,NYG 7 @ PHI 27,6,3.5,-3.5
1069,IND 33 @ HOU 28,6,-2.5,2.5
1070,CHI 27 @ ATL 13,6,3.5,-3.5
1071,JAC 14 @ TEN 16,6,4,-4
1072,BAL 48 @ TB 17,6,-3.5,3.5
1073,DEN 31 @ NYJ 17,6,-10,10
1074,DET 17 @ MIN 3,6,1,-1
1075,NE 37 @ BUF 22,6,1,-1
1076,CAR 37 @ CIN 37,6,7,-7
1077,PIT 10 @ CLE 31,6,2.5,-2.5
1078,GB 27 @ MIA 24,6,-1.5,1.5
1079,SD 31 @ OAK 28,6,-7,7
1080,DAL 30 @ SEA 23,6,10,-10
1081,WAS 20 @ ARI 30,6,5,-5
1082,NYG 0 @ PHI 27,6,1,-1
1083,SF 31 @ STL 17,6,-3.5,3.5
1084,NYG 21 @ CHI 27,6,9.5,-9.5
1085,GB 19 @ BAL 17,6,-1,1
1086,PHI 31 @ TB 20,6,-2.5,2.5
1087,PIT 19 @ NYJ 6,6,-1,1
1088,CAR 35 @ MIN 10,6,2.5,-2.5
1089,OAK 7 @ KC 24,6,7.5,-7.5
1090,STL 38 @ HOU 13,6,9.5,-9.5
1091,CIN 27 @ BUF 24,6,-6,6
1092,DET 31 @ CLE 17,6,-1,1
1093,TEN 13 @ SEA 20,6,11,-11
1094,JAC 19 @ DEN 35,6,27,-27
1095,NO 27 @ NE 30,6,2.5,-2.5
1096,ARI 20 @ SF 32,6,10,-10
1097,WAS 16 @ DAL 31,6,5.5,-5.5
1098,IND 9 @ SD 19,6,-1,1
1099,PIT 23 @ TEN 26,6,-5.5,5.5
1100,DAL 29 @ BAL 31,6,3,-3
1101,CIN 24 @ CLE 34,6,-1,1
1102,STL 14 @ MIA 17,6,5.5,-5.5
1103,IND 9 @ NYJ 35,6,3.5,-3.5
1104,OAK 20 @ ATL 23,6,10,-10
1105,DET 26 @ PHI 23,6,3.5,-3.5
1106,KC 10 @ TB 38,6,5,-5
1107,BUF 19 @ ARI 16,6,5,-5
1108,NE 23 @ SEA 24,6,-3.5,3.5
1109,NYG 26 @ SF 3,6,7,-7
1110,MIN 26 @ WAS 38,6,-1.5,1.5
1111,GB 42 @ HOU 24,6,4,-4
1112,DEN 35 @ SD 24,6,1,-1
1113,STL 3 @ GB 24,6,14,-14
1114,JAC 13 @ PIT 17,6,12.5,-12.5
1115,PHI 20 @ WAS 13,6,-3,3
1116,SF 25 @ DET 19,6,4.5,-4.5
1117,CAR 17 @ ATL 31,6,3.5,-3.5
1118,IND 17 @ CIN 27,6,5,-5
1119,BUF 24 @ NYG 27,6,3,-3
1120,HOU 14 @ BAL 29,6,7,-7
1121,CLE 17 @ OAK 24,6,6.5,-6.5
1122,DAL 16 @ NE 20,6,6.5,-6.5
1123,NO 20 @ TB 26,6,-6,6
1124,MIN 10 @ CHI 39,6,1,-1
1125,MIA 6 @ NYJ 24,6,7,-7
1126,SD 17 @ STL 20,6,-9,9
1127,KC 31 @ HOU 35,6,5,-5
1128,BAL 20 @ NE 23,6,3,-3
1129,NO 31 @ TB 6,6,-6,6
1130,ATL 17 @ PHI 31,6,2,-2
1131,DET 20 @ NYG 28,6,10,-10
1132,SEA 23 @ CHI 20,6,6,-6
1133,MIA 23 @ GB 20,6,3,-3
1134,CLE 10 @ PIT 28,6,14,-14
1135,NYJ 24 @ DEN 20,6,-3,3
1136,OAK 9 @ SF 17,6,7,-7
1137,DAL 21 @ MIN 24,6,2,-2
1138,IND 27 @ WAS 24,6,-3,3
1139,TEN 30 @ JAC 3,6,-3,3
1140,KC 14 @ WAS 6,6,7,-7
1141,HOU 28 @ CIN 17,6,4,-4
1142,CLE 14 @ PIT 27,6,14,-14
1143,BAL 31 @ MIN 33,6,3,-3
1144,STL 20 @ JAC 23,6,10,-10
1145,NYG 27 @ NO 48,6,3,-3
1146,CAR 28 @ TB 21,6,-3,3
1147,DET 0 @ GB 26,6,14,-14
1148,PHI 9 @ OAK 13,6,-14,14
1149,ARI 27 @ SEA 3,6,3,-3
1150,BUF 16 @ NYJ 13,6,9,-9
1151,TEN 0 @ NE 59,6,9,-9
1152,CHI 14 @ ATL 21,6,4,-4
1153,DEN 34 @ SD 23,6,3,-3
1154,OAK 3 @ NO 34,6,7,-7
1155,BAL 3 @ IND 31,6,4,-4
1156,CIN 14 @ NYJ 26,6,10,-10
1157,CAR 3 @ TB 27,6,3,-3
1158,DET 10 @ MIN 12,6,13,-13
1159,CHI 20 @ ATL 22,6,-3,3
1160,MIA 28 @ HOU 29,6,3,-3
1161,STL 19 @ WAS 17,6,12,-12
1162,JAC 24 @ DEN 17,6,3,-3
1163,PHI 40 @ SF 26,6,-6,6
1164,DAL 24 @ ARI 30,6,-5,5
1165,GB 27 @ SEA 17,6,0,0
1166,NE 10 @ SD 30,6,6,-6
1167,NYG 14 @ CLE 35,6,-8,8
1168,CIN 20 @ KC 27,6,-3,3
1169,HOU 17 @ JAC 37,6,6,-6
1170,MIA 31 @ CLE 41,6,4,-4
1171,MIN 34 @ CHI 31,6,4,-4
1172,PHI 16 @ NYJ 9,6,-4,4
1173,STL 3 @ BAL 22,6,9,-9
1174,TEN 10 @ TB 13,6,2,-2
1175,WAS 14 @ GB 17,6,3,-3
1176,CAR 25 @ ARI 10,6,6,-6
1177,NE 48 @ DAL 27,6,-5,5
1178,OAK 14 @ SD 28,6,10,-10
1179,NO 28 @ SEA 17,6,6,-6
1180,NYG 31 @ ATL 10,6,-5,5
1181,KC 30 @ DEN 6,7,-3,3
1182,ARI 27 @ NYG 21,7,3.5,-3.5
1183,HOU 23 @ IND 30,7,1.5,-1.5
1184,JAC 27 @ CIN 17,7,-4,4
1185,LAR 37 @ ATL 10,7,-3,3
1186,MIA 21 @ BUF 31,7,17,-17
1187,MIN 42 @ DET 30,7,-2.5,2.5
1188,OAK 24 @ GB 42,7,5.5,-5.5
1189,SF 9 @ WAS 0,7,-10,10
1190,LAC 20 @ TEN 23,7,3,-3
1191,BAL 30 @ SEA 16,7,3,-3
1192,NO 36 @ CHI 25,7,4,-4
1193,PHI 10 @ DAL 37,7,3,-3
1194,NE 33 @ NYJ 0,7,-9.5,9.5
1195,DEN 45 @ ARI 10,7,-1,1
1196,TEN 19 @ LAC 20,7,6.5,-6.5
1197,BUF 5 @ IND 37,7,7,-7
1198,CAR 21 @ PHI 17,7,5,-5
1199,CIN 10 @ KC 45,7,6.5,-6.5
1200,CLE 23 @ TB 26,7,3.5,-3.5
1201,DET 32 @ MIA 21,7,-3,3
1202,HOU 20 @ JAC 7,7,4,-4
1203,MIN 37 @ NYJ 17,7,-3.5,3.5
1204,NE 38 @ CHI 31,7,-1,1
1205,NO 24 @ BAL 23,7,2.5,-2.5
1206,DAL 17 @ WAS 20,7,-1.5,1.5
1207,LAR 39 @ SF 10,7,-8,8
1208,NYG 20 @ ATL 23,7,4.5,-4.5
1209,KC 30 @ OAK 31,7,-3,3
1210,JAC 27 @ IND 0,7,-3,3
1211,ARI 0 @ LAR 33,7,3,-3
1212,TB 27 @ BUF 30,7,3,-3
1213,BAL 16 @ MIN 24,7,5,-5
1214,CIN 14 @ PIT 29,7,4,-4
1215,NYJ 28 @ MIA 31,7,3,-3
1216,CAR 3 @ CHI 17,7,-2.5,2.5
1217,TEN 12 @ CLE 9,7,-5.5,5.5
1218,NO 26 @ GB 17,7,-3.5,3.5
1219,DAL 40 @ SF 10,7,-6.5,6.5
1220,DEN 0 @ LAC 21,7,-1,1
1221,SEA 24 @ NYG 7,7,-4,4
1222,ATL 7 @ NE 23,7,3,-3
1223,WAS 24 @ PHI 34,7,5,-5
1224,CHI 10 @ GB 26,7,7.5,-7.5
1225,NYG 17 @ LA 10,7,-3,3
1226,WAS 17 @ DET 20,7,-1,1
1227,MIN 10 @ PHI 21,7,-2.5,2.5
1228,CLE 17 @ CIN 31,7,11.5,-11.5
1229,IND 14 @ TEN 26,7,4,-4
1230,BAL 16 @ NYJ 24,7,2,-2
1231,OAK 33 @ JAC 16,7,1.5,-1.5
1232,NO 21 @ KC 27,7,6,-6
1233,BUF 25 @ MIA 28,7,-2.5,2.5
1234,SD 33 @ ATL 30,7,4.5,-4.5
1235,TB 34 @ SF 17,7,1,-1
1236,NE 27 @ PIT 16,7,-7.5,7.5
1237,SEA 6 @ ARI 6,7,2.5,-2.5
1238,HOU 9 @ DEN 27,7,8.5,-8.5
1239,SEA 20 @ SF 3,7,-6.5,6.5
1240,BUF 31 @ JAC 34,7,-3.5,3.5
1241,PIT 13 @ KC 23,7,4,-4
1242,HOU 26 @ MIA 44,7,4.5,-4.5
1243,ATL 10 @ TEN 7,7,-5.5,5.5
1244,MIN 28 @ DET 19,7,1,-1
1245,NO 27 @ IND 21,7,5.5,-5.5
1246,NYJ 23 @ NE 30,7,7,-7
1247,CLE 6 @ STL 24,7,6.5,-6.5
1248,TB 30 @ WAS 31,7,3,-3
1249,OAK 37 @ SD 29,7,3.5,-3.5
1250,DAL 20 @ NYG 27,7,3,-3
1251,PHI 16 @ CAR 27,7,3,-3
1252,BAL 18 @ ARI 26,7,10,-10
1253,NYJ 25 @ NE 27,7,9.5,-9.5
1254,ATL 7 @ BAL 29,7,7,-7
1255,TEN 17 @ WAS 19,7,6,-6
1256,SEA 26 @ STL 28,7,-7,7
1257,CLE 6 @ JAC 24,7,-4,4
1258,CIN 0 @ IND 27,7,3,-3
1259,MIN 16 @ BUF 17,7,7,-7
1260,MIA 27 @ CHI 14,7,3,-3
1261,NO 23 @ DET 24,7,1.5,-1.5
1262,CAR 17 @ GB 38,7,6.5,-6.5
1263,KC 23 @ SD 20,7,3,-3
1264,ARI 24 @ OAK 13,7,-3.5,3.5
1265,NYG 21 @ DAL 31,7,5,-5
1266,SF 17 @ DEN 42,7,7,-7
1267,HOU 23 @ PIT 30,7,3,-3
1268,SEA 34 @ ARI 22,7,-5,5
1269,TB 23 @ ATL 31,7,6,-6
1270,CHI 41 @ WAS 45,7,-1,1
1271,DAL 17 @ PHI 3,7,3,-3
1272,NE 27 @ NYJ 30,7,-3.5,3.5
1273,BUF 23 @ MIA 21,7,6,-6
1274,STL 15 @ CAR 30,7,8,-8
1275,CIN 27 @ DET 24,7,2.5,-2.5
1276,SD 24 @ JAC 6,7,-7.5,7.5
1277,HOU 16 @ KC 17,7,7,-7
1278,SF 31 @ TEN 17,7,-3,3
1279,BAL 16 @ PIT 19,7,-2.5,2.5
1280,CLE 13 @ GB 31,7,7.5,-7.5
1281,DEN 33 @ IND 39,7,-6,6
1282,MIN 7 @ NYG 23,7,4,-4
1283,SEA 6 @ SF 13,7,7.5,-7.5
1284,DAL 19 @ CAR 14,7,-2.5,2.5
1285,BAL 13 @ HOU 43,7,6.5,-6.5
1286,CLE 13 @ IND 17,7,1,-1
1287,ARI 14 @ MIN 21,7,7,-7
1288,TEN 35 @ BUF 34,7,4,-4
1289,WAS 23 @ NYG 27,7,6.5,-6.5
1290,NO 35 @ TB 28,7,-1,1
1291,GB 30 @ STL 20,7,-4,4
1292,NYJ 26 @ NE 29,7,11,-11
1293,JAC 23 @ OAK 26,7,6,-6
1294,PIT 24 @ CIN 17,7,-1,1
1295,DET 7 @ CHI 13,7,6.5,-6.5
1296,CHI 24 @ TB 18,7,-1.5,1.5
1297,WAS 20 @ CAR 33,7,1.5,-1.5
1298,SD 21 @ NYJ 27,7,-1,1
1299,SEA 3 @ CLE 6,7,3,-3
1300,HOU 41 @ TEN 7,7,3,-3
1301,DEN 18 @ MIA 15,7,-1,1
1302,ATL 23 @ DET 16,7,4.5,-4.5
1303,KC 28 @ OAK 0,7,3.5,-3.5
1304,PIT 32 @ ARI 20,7,-4,4
1305,STL 7 @ DAL 34,7,14,-14
1306,GB 33 @ MIN 27,7,-10,10
1307,IND 7 @ NO 62,7,13.5,-13.5
1308,BAL 7 @ JAC 12,7,-10,10
1309,PIT 23 @ MIA 22,7,-3,3
1310,CIN 32 @ ATL 39,7,3,-3
1311,JAC 20 @ KC 42,7,9,-9
1312,PHI 19 @ TEN 37,7,3,-3
1313,WAS 17 @ CHI 14,7,3,-3
1314,CLE 30 @ NO 17,7,13,-13
1315,BUF 34 @ BAL 37,7,13,-13
1316,SF 20 @ CAR 23,7,-2,2
1317,STL 17 @ TB 18,7,3,-3
1318,ARI 10 @ SEA 22,7,7,-7
1319,NE 23 @ SD 20,7,3,-3
1320,OAK 59 @ DEN 14,7,7,-7
1321,MIN 24 @ GB 28,7,3,-3
1322,NYG 41 @ DAL 35,7,4,-4
1323,SD 37 @ KC 7,7,-6,6
1324,IND 42 @ STL 6,7,-14,14
1325,GB 31 @ CLE 3,7,-9,9
1326,MIN 17 @ PIT 27,7,6,-6
1327,NE 35 @ TB 7,7,-16,16
1328,SF 21 @ HOU 24,7,3,-3
1329,NYJ 38 @ OAK 0,7,-6,6
1330,BUF 20 @ CAR 9,7,7,-7
1331,CHI 10 @ CIN 45,7,-2,2
1332,NO 46 @ MIA 34,7,-6,6
1333,ATL 21 @ DAL 37,7,5,-5
1334,ARI 24 @ NYG 17,7,8,-8
1335,PHI 27 @ WAS 17,7,-9,9
1336,TEN 34 @ KC 10,7,-9,9
1337,SD 14 @ BUF 23,7,-1,1
1338,PIT 38 @ CIN 10,7,-8,8
1339,BAL 27 @ MIA 13,7,3,-3
1340,DAL 14 @ STL 34,7,-8,8
1341,MIN 41 @ CHI 48,7,3,-3
1342,NO 7 @ CAR 30,7,3,-3
1343,SF 17 @ NYG 29,7,10,-10
1344,DET 21 @ HOU 28,7,11,-11
1345,NYJ 13 @ OAK 16,7,-3,3
1346,CLE 11 @ WAS 14,7,7,-7
1347,IND 14 @ GB 34,7,-3,3
1348,SEA 10 @ TB 20,7,11,-11
1349,DEN 7 @ NE 41,7,3,-3
1350,ARI 19 @ WAS 21,7,8,-8
1351,ATL 16 @ NO 22,7,8,-8
1352,BAL 14 @ BUF 19,7,-3,3
1353,NE 49 @ MIA 28,7,-16,16
1354,SF 15 @ NYG 33,7,10,-10
1355,TB 16 @ DET 23,7,3,-3
1356,TEN 38 @ HOU 36,7,3,-3
1357,KC 12 @ OAK 10,7,2,-2
1358,NYJ 31 @ CIN 38,7,6,-6
1359,MIN 14 @ DAL 24,7,10,-10
1360,CHI 19 @ PHI 16,7,6,-6
1361,STL 6 @ SEA 33,7,8,-8
1362,PIT 28 @ DEN 31,7,-4,4
1363,IND 29 @ JAC 7,7,-3,3
1364,WAS 9 @ MIN 19,8,16.5,-16.5
1365,ARI 9 @ NO 31,8,12.5,-12.5
1366,CIN 10 @ LAR 24,8,12,-12
1367,LAC 17 @ CHI 16,8,3.5,-3.5
1368,NYG 26 @ DET 31,8,6.5,-6.5
1369,NYJ 15 @ JAC 29,8,7,-7
1370,OAK 24 @ HOU 27,8,5,-5
1371,PHI 31 @ BUF 13,8,1,-1
1372,SEA 27 @ ATL 20,8,-7.5,7.5
1373,TB 23 @ TEN 27,8,2,-2
1374,CAR 13 @ SF 51,8,4.5,-4.5
1375,CLE 13 @ NE 27,8,9.5,-9.5
1376,DEN 13 @ IND 15,8,6,-6
1377,GB 31 @ KC 24,8,-5,5
1378,MIA 14 @ PIT 27,8,14,-14
1379,MIA 23 @ HOU 42,8,7.5,-7.5
1380,PHI 24 @ JAC 18,8,-4,4
1381,BAL 21 @ CAR 36,8,-2.5,2.5
1382,CLE 18 @ PIT 33,8,8.5,-8.5
1383,DEN 23 @ KC 30,8,8.5,-8.5
1384,NYJ 10 @ CHI 24,8,8.5,-8.5
1385,SEA 28 @ DET 14,8,3,-3
1386,TB 34 @ CIN 37,8,3.5,-3.5
1387,WAS 20 @ NYG 13,8,-1,1
1388,IND 42 @ OAK 28,8,-3.5,3.5
1389,GB 27 @ LAR 29,8,7.5,-7.5
1390,SF 15 @ ARI 18,8,-2.5,2.5
1391,NO 30 @ MIN 20,8,-2.5,2.5
1392,NE 25 @ BUF 6,8,-13.5,13.5
1393,MIA 0 @ BAL 40,8,3,-3
1394,MIN 33 @ CLE 16,8,-11,11
1395,LAC 13 @ NE 21,8,6.5,-6.5
1396,CHI 12 @ NO 20,8,7.5,-7.5
1397,ATL 25 @ NYJ 20,8,-6.5,6.5
1398,SF 10 @ PHI 33,8,13,-13
1399,CAR 17 @ TB 3,8,1.5,-1.5
1400,OAK 14 @ BUF 34,8,2.5,-2.5
1401,IND 23 @ CIN 24,8,11,-11
1402,HOU 38 @ SEA 41,8,6,-6
1403,DAL 33 @ WAS 19,8,-3,3
1404,PIT 20 @ DET 15,8,-3,3
1405,DEN 19 @ KC 29,8,7,-7
1406,JAC 22 @ TEN 36,8,3,-3
1407,WAS 27 @ CIN 27,8,3,-3
1408,NYJ 31 @ CLE 28,8,-2.5,2.5
1409,SEA 20 @ NO 25,8,-1,1
1410,NE 41 @ BUF 25,8,-5.5,5.5
1411,GB 32 @ ATL 33,8,3,-3
1412,OAK 30 @ TB 24,8,1,-1
1413,KC 30 @ IND 14,8,-3,3
1414,DET 13 @ HOU 20,8,1,-1
1415,SD 19 @ DEN 27,8,3.5,-3.5
1416,ARI 20 @ CAR 30,8,2.5,-2.5
1417,PHI 23 @ DAL 29,8,5,-5
1418,MIN 10 @ CHI 20,8,-5.5,5.5
1419,MIA 7 @ NE 36,8,8,-8
1420,DET 10 @ KC 45,8,3,-3
1421,MIN 23 @ CHI 20,8,-1,1
1422,ARI 34 @ CLE 20,8,-7,7
1423,SD 26 @ BAL 29,8,4.5,-4.5
1424,NYG 49 @ NO 52,8,3,-3
1425,TEN 6 @ HOU 20,8,3.5,-3.5
1426,CIN 16 @ PIT 10,8,1,-1
1427,SF 6 @ STL 27,8,8,-8
1428,TB 23 @ ATL 20,8,8,-8
1429,NYJ 20 @ OAK 34,8,-3,3
1430,SEA 13 @ DAL 12,8,-4.5,4.5
1431,GB 10 @ DEN 29,8,-2.5,2.5
1432,IND 26 @ CAR 29,8,5,-5
1433,SD 21 @ DEN 35,8,9,-9
1434,DET 22 @ ATL 21,8,-3.5,3.5
1435,STL 7 @ KC 34,8,7.5,-7.5
1436,HOU 30 @ TEN 16,8,-3.5,3.5
1437,MIN 19 @ TB 13,8,1,-1
1438,SEA 13 @ CAR 9,8,-6,6
1439,BAL 24 @ CIN 27,8,-2.5,2.5
1440,MIA 27 @ JAC 13,8,-7,7
1441,CHI 23 @ NE 51,8,5.5,-5.5
1442,BUF 43 @ NYJ 23,8,3,-3
1443,PHI 20 @ ARI 24,8,1,-1
1444,OAK 13 @ CLE 23,8,6.5,-6.5
1445,IND 34 @ PIT 51,8,-5,5
1446,GB 23 @ NO 44,8,2,-2
1447,WAS 20 @ DAL 17,8,9.5,-9.5
1448,CAR 31 @ TB 13,8,-6.5,6.5
1449,SF 42 @ JAC 10,8,-16,16
1450,CLE 17 @ KC 23,8,7,-7
1451,MIA 17 @ NE 27,8,6.5,-6.5
1452,BUF 17 @ NO 35,8,10.5,-10.5
1453,DAL 30 @ DET 31,8,3,-3
1454,NYG 15 @ PHI 7,8,5.5,-5.5
1455,NYJ 9 @ CIN 49,8,6,-6
1456,PIT 18 @ OAK 21,8,-2.5,2.5
1457,ATL 13 @ ARI 27,8,2.5,-2.5
1458,WAS 21 @ DEN 45,8,11,-11
1459,GB 44 @ MIN 31,8,-7,7
1460,SEA 14 @ STL 9,8,-13,13
1461,TB 36 @ MIN 17,8,5,-5
1462,SD 6 @ CLE 7,8,-2.5,2.5
1463,SEA 24 @ DET 28,8,3,-3
1464,JAC 15 @ GB 24,8,15,-15
1465,MIA 30 @ NYJ 9,8,1,-1
1466,CAR 22 @ CHI 23,8,7,-7
1467,ATL 30 @ PHI 17,8,1.5,-1.5
1468,IND 19 @ TEN 13,8,3.5,-3.5
1469,NE 45 @ STL 7,8,-7.5,7.5
1470,WAS 12 @ PIT 27,8,4.5,-4.5
1471,OAK 26 @ KC 16,8,1,-1
1472,NYG 29 @ DAL 24,8,-1.5,1.5
1473,NO 14 @ DEN 34,8,6.5,-6.5
1474,SF 24 @ ARI 3,8,-7.5,7.5
1475,IND 10 @ TEN 27,8,9,-9
1476,JAC 14 @ HOU 24,8,9.5,-9.5
1477,MIN 24 @ CAR 21,8,3.5,-3.5
1478,NO 21 @ STL 31,8,-13.5,13.5
1479,ARI 27 @ BAL 30,8,12.5,-12.5
1480,MIA 17 @ NYG 20,8,9.5,-9.5
1481,WAS 0 @ BUF 23,8,4.5,-4.5
1482,DET 45 @ DEN 10,8,-3,3
1483,NE 17 @ PIT 25,8,-2.5,2.5
1484,CLE 10 @ SF 20,8,9,-9
1485,CIN 34 @ SEA 12,8,-1,1
1486,DAL 7 @ PHI 34,8,3,-3
1487,SD 20 @ KC 23,8,-3,3
1488,DEN 16 @ SF 24,8,2,-2
1489,JAC 35 @ DAL 17,8,7,-7
1490,WAS 25 @ DET 37,8,3,-3
1491,GB 9 @ NYJ 0,8,7,-7
1492,CAR 10 @ STL 20,8,3,-3
1493,MIA 22 @ CIN 14,8,-1,1
1494,BUF 10 @ KC 13,8,7,-7
1495,TEN 25 @ SD 33,8,6,-6
1496,TB 38 @ ARI 35,8,3,-3
1497,SEA 3 @ OAK 33,8,2,-2
1498,MIN 18 @ NE 28,8,5,-5
1499,PIT 10 @ NO 20,8,1,-1
1500,HOU 17 @ IND 30,8,5,-5
1501,DEN 7 @ BAL 30,8,5,-5
1502,CLE 6 @ CHI 30,8,11,-11
1503,HOU 31 @ BUF 10,8,-3,3
1504,SF 14 @ IND 18,8,13,-13
1505,MIA 30 @ NYJ 25,8,4,-4
1506,STL 17 @ DET 10,8,3,-3
1507,SEA 17 @ DAL 38,8,10,-10
1508,NYG 17 @ PHI 40,8,-3,3
1509,OAK 16 @ SD 24,8,16,-16
1510,JAC 13 @ TEN 30,8,3,-3
1511,MIN 38 @ GB 26,8,3,-3
1512,CAR 34 @ ARI 21,8,10,-10
1513,ATL 27 @ NO 35,8,11,-11
1514,OAK 10 @ BAL 29,8,9,-9
1515,SD 32 @ NO 37,8,-3,3
1516,KC 24 @ NYJ 28,8,14,-14
1517,BUF 16 @ MIA 25,8,1,-1
1518,TB 9 @ DAL 13,8,2,-2
1519,ATL 14 @ PHI 27,8,10,-10
1520,STL 16 @ NE 23,8,9,-9
1521,ARI 23 @ CAR 27,8,5,-5
1522,WAS 25 @ DET 17,8,-7,7
1523,CLE 23 @ JAC 17,8,7,-7
1524,CIN 6 @ HOU 35,8,9,-9
1525,NYG 21 @ PIT 14,8,3,-3
1526,SEA 34 @ SF 13,8,6,-6
1527,IND 21 @ TEN 31,8,4,-4
1528,CLE 27 @ STL 20,8,-3,3
1529,DET 16 @ CHI 7,8,6,-6
1530,IND 31 @ CAR 7,8,-7,7
1531,NYG 13 @ MIA 10,8,-10,10
1532,PHI 23 @ MIN 16,8,0,0
1533,PIT 24 @ CIN 13,8,-4,4
1534,OAK 9 @ TEN 13,8,7,-7
1535,BUF 13 @ NYJ 3,8,3,-3
1536,HOU 10 @ SD 35,8,10,-10
1537,JAC 24 @ TB 23,8,4,-4
1538,NO 31 @ SF 10,8,-2,2
1539,WAS 7 @ NE 52,8,15,-15
1540,GB 19 @ DEN 13,8,3,-3
1541,SF 28 @ ARI 25,9,-10.5,10.5
1542,HOU 26 @ JAC 3,9,1,-1
1543,CHI 14 @ PHI 22,9,5,-5
1544,IND 24 @ PIT 26,9,1,-1
1545,MIN 23 @ KC 26,9,-5.5,5.5
1546,NYJ 18 @ MIA 26,9,-3.5,3.5
1547,TEN 20 @ CAR 30,9,3.5,-3.5
1548,WAS 9 @ BUF 24,9,10.5,-10.5
1549,DET 24 @ OAK 31,9,2.5,-2.5
1550,TB 34 @ SEA 40,9,4,-4
1551,CLE 19 @ DEN 24,9,-4,4
1552,GB 11 @ LAC 26,9,-4,4
1553,NE 20 @ BAL 37,9,-3,3
1554,DAL 37 @ NYG 18,9,-6.5,6.5
1555,OAK 3 @ SF 34,9,-1.5,1.5
1556,CHI 41 @ BUF 9,9,-10.5,10.5
1557,PIT 23 @ BAL 16,9,1.5,-1.5
1558,ATL 38 @ WAS 14,9,1.5,-1.5
1559,DET 9 @ MIN 24,9,4.5,-4.5
1560,KC 37 @ CLE 21,9,-7.5,7.5
1561,NYJ 6 @ MIA 13,9,3,-3
1562,TB 28 @ CAR 42,9,6,-6
1563,HOU 19 @ DEN 17,9,1,-1
1564,LAC 25 @ SEA 17,9,1,-1
1565,LAR 35 @ NO 45,9,-2.5,2.5
1566,GB 17 @ NE 31,9,5,-5
1567,TEN 28 @ DAL 14,9,4.5,-4.5
1568,BUF 21 @ NYJ 34,9,-3,3
1569,IND 20 @ HOU 14,9,6,-6
1570,ATL 17 @ CAR 20,9,-3,3
1571,BAL 20 @ TEN 23,9,3,-3
1572,TB 10 @ NO 30,9,7,-7
1573,CIN 7 @ JAC 23,9,6,-6
1574,LAR 51 @ NYG 17,9,-5.5,5.5
1575,DEN 23 @ PHI 51,9,7,-7
1576,WAS 17 @ SEA 14,9,8,-8
1577,ARI 20 @ SF 10,9,-2.5,2.5
1578,KC 17 @ DAL 28,9,2,-2
1579,OAK 27 @ MIA 24,9,-3,3
1580,DET 30 @ GB 17,9,-2.5,2.5
1581,ATL 43 @ TB 28,9,-4.5,4.5
1582,DAL 35 @ CLE 10,9,-7,7
1583,PIT 14 @ BAL 21,9,-3.5,3.5
1584,PHI 23 @ NYG 28,9,3,-3
1585,DET 22 @ MIN 16,9,4,-4
1586,NYJ 23 @ MIA 27,9,3.5,-3.5
1587,JAC 14 @ KC 19,9,7,-7
1588,NO 41 @ SF 23,9,-5,5
1589,CAR 13 @ LA 10,9,-3,3
1590,TEN 35 @ SD 43,9,3.5,-3.5
1591,IND 31 @ GB 26,9,7.5,-7.5
1592,DEN 20 @ OAK 30,9,1,-1
1593,BUF 25 @ SEA 31,9,5.5,-5.5
1594,CLE 10 @ CIN 31,9,13,-13
1595,OAK 35 @ PIT 38,9,6,-6
1596,GB 29 @ CAR 37,9,-2,2
1597,WAS 10 @ NE 27,9,13.5,-13.5
1598,TEN 34 @ NO 28,9,7,-7
1599,JAC 23 @ NYJ 28,9,7.5,-7.5
1600,STL 18 @ MIN 21,9,2,-2
1601,MIA 17 @ BUF 33,9,4,-4
1602,ATL 16 @ SF 17,9,-9.5,9.5
1603,NYG 32 @ TB 18,9,-1.5,1.5
1604,DEN 24 @ IND 27,9,-3.5,3.5
1605,PHI 33 @ DAL 27,9,-3,3
1606,CHI 22 @ SD 19,9,3.5,-3.5
1607,NO 28 @ CAR 10,9,-3,3
1608,TB 17 @ CLE 22,9,7,-7
1609,ARI 28 @ DAL 17,9,1.5,-1.5
1610,PHI 31 @ HOU 21,9,-1.5,1.5
1611,NYJ 10 @ KC 24,9,9.5,-9.5
1612,JAC 23 @ CIN 33,9,10,-10
1613,SD 0 @ MIA 37,9,3,-3
1614,WAS 26 @ MIN 29,9,-1,1
1615,STL 13 @ SF 10,9,10.5,-10.5
1616,DEN 21 @ NE 43,9,-3,3
1617,OAK 24 @ SEA 30,9,13.5,-13.5
1618,BAL 23 @ PIT 43,9,2.5,-2.5
1619,IND 40 @ NYG 24,9,-3,3
1620,CIN 20 @ MIA 22,9,-3,3
1621,ATL 10 @ CAR 34,9,10,-10
1622,MIN 23 @ DAL 27,9,10,-10
1623,NO 20 @ NYJ 26,9,-6,6
1624,TEN 28 @ STL 21,9,-3,3
1625,KC 23 @ BUF 13,9,-4.5,4.5
1626,SD 24 @ WAS 30,9,1,-1
1627,PHI 49 @ OAK 20,9,-1,1
1628,TB 24 @ SEA 27,9,16,-16
1629,BAL 18 @ CLE 24,9,-1,1
1630,PIT 31 @ NE 55,9,5.5,-5.5
1631,IND 27 @ HOU 24,9,-1,1
1632,CHI 27 @ GB 20,9,10.5,-10.5
1633,KC 13 @ SD 31,9,7.5,-7.5
1634,BAL 25 @ CLE 15,9,-3.5,3.5
1635,ARI 17 @ GB 31,9,10.5,-10.5
1636,BUF 9 @ HOU 21,9,11,-11
1637,MIA 20 @ IND 23,9,-2.5,2.5
1638,DEN 31 @ CIN 23,9,-5,5
1639,DET 31 @ JAC 14,9,-6,6
1640,CAR 21 @ WAS 13,9,3,-3
1641,CHI 50 @ TEN 20,9,-4.5,4.5
1642,TB 42 @ OAK 32,9,1,-1
1643,MIN 20 @ SEA 30,9,4.5,-4.5
1644,PIT 24 @ NYG 20,9,3.5,-3.5
1645,DAL 13 @ ATL 19,9,4.5,-4.5
1646,PHI 13 @ NO 28,9,2.5,-2.5
1647,ATL 31 @ IND 7,9,-6.5,6.5
1648,TB 16 @ NO 27,9,9,-9
1649,CLE 12 @ HOU 30,9,10.5,-10.5
1650,NYJ 27 @ BUF 11,9,2.5,-2.5
1651,MIA 31 @ KC 3,9,4,-4
1652,SF 19 @ WAS 11,9,-4,4
1653,SEA 13 @ DAL 23,9,11,-11
1654,DEN 38 @ OAK 24,9,7,-7
1655,CIN 24 @ TEN 17,9,1.5,-1.5
1656,STL 13 @ ARI 19,9,2.5,-2.5
1657,NYG 24 @ NE 20,9,9,-9
1658,GB 45 @ SD 38,9,-5.5,5.5
1659,BAL 23 @ PIT 20,9,3,-3
1660,CHI 30 @ PHI 24,9,9,-9
1661,CHI 22 @ BUF 19,9,-3,3
1662,SD 29 @ HOU 23,9,-3,3
1663,NO 34 @ CAR 3,9,-6,6
1664,ARI 24 @ MIN 27,9,7,-7
1665,TB 21 @ ATL 27,9,10,-10
1666,NYJ 23 @ DET 20,9,-6,6
1667,MIA 10 @ BAL 26,9,5,-5
1668,NE 14 @ CLE 34,9,-4,4
1669,NYG 41 @ SEA 7,9,-7,7
1670,KC 20 @ OAK 23,9,0,0
1671,IND 24 @ PHI 26,9,3,-3
1672,DAL 7 @ GB 45,9,8,-8
1673,PIT 27 @ CIN 21,9,-5,5
1674,KC 21 @ JAC 24,9,7,-7
1675,BAL 7 @ CIN 17,9,-3,3
1676,HOU 17 @ IND 20,9,8,-8
1677,WAS 17 @ ATL 31,9,9,-9
1678,GB 28 @ TB 38,9,-10,10
1679,ARI 41 @ CHI 21,9,3,-3
1680,MIA 17 @ NE 27,9,11,-11
1681,CAR 20 @ NO 30,9,12,-12
1682,DET 20 @ SEA 32,9,11,-11
1683,TEN 34 @ SF 27,9,4,-4
1684,SD 21 @ NYG 20,9,5,-5
1685,DAL 20 @ PHI 16,9,3,-3
1686,PIT 28 @ DEN 10,9,-3,3
1687,HOU 21 @ MIN 28,9,6,-6
1688,JAC 19 @ CIN 21,9,-7,7
1689,TB 30 @ KC 27,9,-10,10
1690,BAL 37 @ CLE 27,9,3,-3
1691,NYJ 26 @ BUF 17,9,6,-6
1692,ARI 34 @ STL 13,9,-3,3
1693,DET 23 @ CHI 27,9,13,-13
1694,GB 16 @ TEN 19,9,3,-3
1695,MIA 26 @ DEN 17,9,4,-4
1696,ATL 24 @ OAK 0,9,-3,3
1697,DAL 14 @ NYG 35,9,9,-9
1698,PHI 26 @ SEA 7,9,-7,7
1699,NE 15 @ IND 18,9,7,-7
1700,PIT 23 @ WAS 6,9,3,-3
1701,WAS 23 @ NYJ 20,9,-4,4
1702,GB 33 @ KC 22,9,3,-3
1703,ARI 10 @ TB 17,9,3,-3
1704,CAR 7 @ TEN 20,9,6,-6
1705,SF 16 @ ATL 20,9,4,-4
1706,DEN 7 @ DET 44,9,3,-3
1707,CIN 21 @ BUF 33,9,-2,2
1708,SD 17 @ MIN 35,9,-7,7
1709,JAC 24 @ NO 41,9,4,-4
1710,SEA 30 @ CLE 33,9,2,-2
1711,NE 24 @ IND 20,9,-4,4
1712,HOU 24 @ OAK 17,9,3,-3
1713,DAL 38 @ PHI 17,9,-3,3
1714,BAL 7 @ PIT 38,9,9,-9
1715,LAC 24 @ OAK 26,10,-1,1
1716,ARI 27 @ TB 30,10,5.5,-5.5
1717,ATL 26 @ NO 9,10,14,-14
1718,BAL 49 @ CIN 13,10,-10.5,10.5
1719,BUF 16 @ CLE 19,10,3,-3
1720,CAR 16 @ GB 24,10,5,-5
1721,DET 13 @ CHI 20,10,6,-6
1722,KC 32 @ TEN 35,10,-5,5
1723,NYG 27 @ NYJ 34,10,-3,3
1724,MIA 16 @ IND 12,10,11,-11
1725,LAR 12 @ PIT 17,10,-4,4
1726,MIN 28 @ DAL 24,10,3.5,-3.5
1727,SEA 27 @ SF 24,10,6.5,-6.5
1728,CAR 21 @ PIT 52,10,3.5,-3.5
1729,ARI 14 @ KC 26,10,16.5,-16.5
1730,BUF 41 @ NYJ 10,10,6.5,-6.5
1731,JAC 26 @ IND 29,10,3,-3
1732,NE 10 @ TEN 34,10,-6,6
1733,NO 51 @ CIN 14,10,-5.5,5.5
1734,WAS 16 @ TB 3,10,3.5,-3.5
1735,ATL 16 @ CLE 28,10,-5.5,5.5
1736,DET 22 @ CHI 34,10,7.5,-7.5
1737,MIA 12 @ GB 31,10,13,-13
1738,LAC 20 @ OAK 6,10,-10.5,10.5
1739,SEA 31 @ LAR 36,10,10,-10
1740,DAL 27 @ PHI 20,10,7.5,-7.5
1741,NYG 27 @ SF 23,10,3,-3
1742,SEA 22 @ ARI 16,10,-6,6
1743,LAC 17 @ JAC 20,10,5,-5
1744,NYJ 10 @ TB 15,10,1,-1
1745,NO 47 @ BUF 10,10,-2,2
1746,MIN 38 @ WAS 30,10,-1,1
1747,CIN 20 @ TEN 24,10,4.5,-4.5
1748,GB 23 @ CHI 16,10,4.5,-4.5
1749,CLE 24 @ DET 38,10,10.5,-10.5
1750,PIT 20 @ IND 17,10,-10.5,10.5
1751,HOU 7 @ LAR 33,10,12,-12
1752,DAL 7 @ ATL 27,10,3.5,-3.5
1753,NYG 21 @ SF 31,10,-3,3
1754,NE 41 @ DEN 16,10,-7,7
1755,MIA 21 @ CAR 45,10,8,-8
1756,CLE 7 @ BAL 28,10,7.5,-7.5
1757,HOU 24 @ JAC 21,10,3,-3
1758,KC 20 @ CAR 17,10,3,-3
1759,LA 9 @ NYJ 6,10,-1,1
1760,ATL 15 @ PHI 24,10,2,-2
1761,GB 25 @ TEN 47,10,-3,3
1762,MIN 20 @ WAS 26,10,2.5,-2.5
1763,CHI 10 @ TB 36,10,-2.5,2.5
1764,DEN 25 @ NO 23,10,3,-3
1765,MIA 31 @ SD 24,10,4,-4
1766,SF 20 @ ARI 23,10,14,-14
1767,DAL 35 @ PIT 30,10,3,-3
1768,SEA 31 @ NE 24,10,7.5,-7.5
1769,CIN 20 @ NYG 21,10,-1,1
1770,BUF 22 @ NYJ 17,10,2.5,-2.5
1771,DET 18 @ GB 16,10,10.5,-10.5
1772,JAC 22 @ BAL 20,10,4,-4
1773,CHI 37 @ STL 13,10,7.5,-7.5
1774,CLE 9 @ PIT 30,10,7,-7
1775,CAR 27 @ TEN 10,10,-3.5,3.5
1776,NO 14 @ WAS 47,10,-1,1
1777,DAL 6 @ TB 10,10,-1,1
1778,MIA 20 @ PHI 19,10,5.5,-5.5
1779,MIN 30 @ OAK 14,10,3,-3
1780,KC 29 @ DEN 13,10,4,-4
1781,NE 27 @ NYG 26,10,-7,7
1782,ARI 39 @ SEA 32,10,3,-3
1783,HOU 10 @ CIN 6,10,10,-10
1784,CLE 24 @ CIN 3,10,6.5,-6.5
1785,KC 17 @ BUF 13,10,2,-2
1786,MIA 16 @ DET 20,10,3,-3
1787,DAL 31 @ JAC 17,10,-7.5,7.5
1788,SF 27 @ NO 24,10,6,-6
1789,TEN 7 @ BAL 21,10,10.5,-10.5
1790,PIT 13 @ NYJ 20,10,-4.5,4.5
1791,ATL 27 @ TB 17,10,-3.5,3.5
1792,DEN 41 @ OAK 17,10,-13,13
1793,STL 14 @ ARI 31,10,7,-7
1794,NYG 17 @ SEA 38,10,9,-9
1795,CHI 14 @ GB 55,10,9.5,-9.5
1796,CAR 21 @ PHI 45,10,7,-7
1797,WAS 27 @ MIN 34,10,-1,1
1798,CIN 17 @ BAL 20,10,1,-1
1799,DET 21 @ CHI 19,10,-1,1
1800,PHI 27 @ GB 13,10,-1,1
1801,STL 38 @ IND 8,10,7.5,-7.5
1802,SEA 33 @ ATL 10,10,-3.5,3.5
1803,OAK 20 @ NYG 24,10,7.5,-7.5
1804,JAC 29 @ TEN 27,10,11.5,-11.5
1805,BUF 10 @ PIT 23,10,3,-3
1806,CAR 10 @ SF 9,10,6,-6
1807,HOU 24 @ ARI 27,10,4,-4
1808,DEN 28 @ SD 20,10,-7,7
1809,DAL 17 @ NO 49,10,6,-6
1810,MIA 19 @ TB 22,10,-1,1
1811,IND 27 @ JAC 10,10,-3,3
1812,DEN 36 @ CAR 14,10,-3.5,3.5
1813,NYG 13 @ CIN 31,10,-3.5,3.5
1814,TEN 37 @ MIA 3,10,6.5,-6.5
1815,DET 24 @ MIN 34,10,-3,3
1816,OAK 20 @ BAL 55,10,7.5,-7.5
1817,BUF 31 @ NE 37,10,13.5,-13.5
1818,SD 24 @ TB 34,10,3,-3
1819,ATL 27 @ NO 31,10,-1,1
1820,NYJ 7 @ SEA 28,10,5.5,-5.5
1821,DAL 38 @ PHI 23,10,-1,1
1822,STL 24 @ SF 24,10,13,-13
1823,HOU 13 @ CHI 6,10,1,-1
1824,KC 13 @ PIT 16,10,12.5,-12.5
1825,OAK 24 @ SD 17,10,7,-7
1826,PIT 24 @ CIN 17,10,-3.5,3.5
1827,DEN 17 @ KC 10,10,3,-3
1828,JAC 17 @ IND 3,10,-3,3
1829,BUF 7 @ DAL 44,10,4.5,-4.5
1830,HOU 37 @ TB 9,10,-3.5,3.5
1831,TEN 30 @ CAR 3,10,3.5,-3.5
1832,WAS 9 @ MIA 20,10,4,-4
1833,NO 26 @ ATL 23,10,1,-1
1834,STL 13 @ CLE 12,10,2.5,-2.5
1835,BAL 17 @ SEA 22,10,-7,7
1836,DET 13 @ CHI 37,10,2.5,-2.5
1837,NYG 20 @ SF 27,10,4,-4
1838,NE 37 @ NYJ 16,10,2.5,-2.5
1839,ARI 21 @ PHI 17,10,13.5,-13.5
1840,MIN 7 @ GB 45,10,12.5,-12.5
1841,BAL 21 @ ATL 26,10,2,-2
1842,CIN 17 @ IND 23,10,7,-7
1843,HOU 24 @ JAC 31,10,0,0
1844,TEN 17 @ MIA 29,10,2,-2
1845,MIN 13 @ CHI 27,10,0,0
1846,DET 12 @ BUF 14,10,2,-2
1847,NYJ 26 @ CLE 20,10,-3,3
1848,CAR 16 @ TB 31,10,7,-7
1849,KC 29 @ DEN 49,10,0,0
1850,STL 20 @ SF 23,10,5,-5
1851,SEA 36 @ ARI 18,10,3,-3
1852,DAL 33 @ NYG 20,10,13,-13
1853,NE 39 @ PIT 26,10,4,-4
1854,PHI 59 @ WAS 28,10,-3,3
1855,CHI 6 @ SF 10,10,3,-3
1856,JAC 24 @ NYJ 22,10,7,-7
1857,DEN 17 @ WAS 27,10,-3,3
1858,CIN 18 @ PIT 12,10,7,-7
1859,BUF 17 @ TEN 41,10,8,-8
1860,DET 10 @ MIN 27,10,17,-17
1861,NO 28 @ STL 23,10,-14,14
1862,ATL 19 @ CAR 28,10,-1,1
1863,TB 23 @ MIA 25,10,10,-10
1864,KC 16 @ OAK 10,10,3,-3
1865,SEA 20 @ ARI 31,10,8,-8
1866,PHI 23 @ SD 31,10,1,-1
1867,DAL 7 @ GB 17,10,-3,3
1868,NE 34 @ IND 35,10,3,-3
1869,BAL 16 @ CLE 0,10,-11,11
1870,DEN 34 @ CLE 30,10,3,-3
1871,JAC 38 @ DET 14,10,-6,6
1872,TEN 21 @ CHI 14,10,-3,3
1873,BUF 10 @ NE 20,10,4,-4
1874,NO 20 @ ATL 34,10,2,-2
1875,STL 3 @ NYJ 47,10,10,-10
1876,SEA 19 @ MIA 21,10,8,-8
1877,GB 27 @ MIN 28,10,3,-3
1878,BAL 41 @ HOU 13,10,3,-3
1879,CAR 17 @ OAK 6,10,-10,10
1880,KC 19 @ SD 20,10,15,-15
1881,IND 24 @ PIT 20,10,3,-3
1882,NYG 36 @ PHI 31,10,3,-3
1883,SF 24 @ ARI 29,10,10,-10
1884,JAC 28 @ TEN 13,10,5,-5
1885,DEN 27 @ KC 11,10,3,-3
1886,BUF 13 @ MIA 10,10,-3,3
1887,CLE 28 @ PIT 31,10,9,-9
1888,STL 37 @ NO 29,10,10,-10
1889,ATL 20 @ CAR 13,10,3,-3
1890,PHI 33 @ WAS 25,10,3,-3
1891,MIN 0 @ GB 34,10,6,-6
1892,CIN 21 @ BAL 7,10,3,-3
1893,CHI 17 @ OAK 6,10,-4,4
1894,DAL 31 @ NYG 20,10,-2,2
1895,DET 21 @ ARI 31,10,3,-3
1896,IND 21 @ SD 23,10,-4,4
1897,SF 0 @ SEA 24,10,9,-9
1898,PIT 7 @ CLE 21,11,3,-3
1899,ATL 29 @ CAR 3,11,3.5,-3.5
1900,BUF 37 @ MIA 20,11,-7,7
1901,DAL 35 @ DET 27,11,-7.5,7.5
1902,DEN 23 @ MIN 27,11,10,-10
1903,HOU 7 @ BAL 41,11,4,-4
1904,JAC 13 @ IND 33,11,2.5,-2.5
1905,NO 34 @ TB 17,11,-5,5
1906,NYJ 34 @ WAS 17,11,1,-1
1907,ARI 26 @ SF 36,11,10,-10
1908,CIN 10 @ OAK 17,11,13,-13
1909,NE 17 @ PHI 10,11,-4.5,4.5
1910,CHI 7 @ LAR 17,11,5,-5
1911,KC 24 @ LAC 17,11,-5.5,5.5
1912,GB 24 @ SEA 27,11,3,-3
1913,CAR 19 @ DET 20,11,-4,4
1914,CIN 21 @ BAL 24,11,6.5,-6.5
1915,DAL 22 @ ATL 19,11,3.5,-3.5
1916,HOU 23 @ WAS 21,11,-3,3
1917,MIN 20 @ CHI 25,11,2.5,-2.5
1918,PHI 7 @ NO 48,11,7,-7
1919,TB 35 @ NYG 38,11,3,-3
1920,TEN 10 @ IND 38,11,2,-2
1921,DEN 23 @ LAC 22,11,7.5,-7.5
1922,OAK 23 @ ARI 21,11,4.5,-4.5
1923,PIT 20 @ JAC 16,11,-4,4
1924,KC 51 @ LAR 54,11,3,-3
1925,TEN 17 @ PIT 40,11,7,-7
1926,LAR 7 @ MIN 24,11,1,-1
1927,DET 27 @ CHI 24,11,-3,3
1928,KC 9 @ NYG 12,11,-10,10
1929,WAS 31 @ NO 34,11,9.5,-9.5
1930,JAC 19 @ CLE 7,11,-7.5,7.5
1931,BAL 23 @ GB 0,11,-2.5,2.5
1932,ARI 21 @ HOU 31,11,2.5,-2.5
1933,BUF 24 @ LAC 54,11,7,-7
1934,CIN 20 @ DEN 17,11,2.5,-2.5
1935,NE 33 @ OAK 8,11,-7,7
1936,PHI 37 @ DAL 9,11,-6,6
1937,ATL 34 @ SEA 31,11,1,-1
1938,NO 20 @ CAR 23,11,3.5,-3.5
1939,CHI 16 @ NYG 22,11,7,-7
1940,ARI 24 @ MIN 30,11,2,-2
1941,BAL 17 @ DAL 27,11,7,-7
1942,TEN 17 @ IND 24,11,3,-3
1943,BUF 16 @ CIN 12,11,2.5,-2.5
1944,PIT 24 @ CLE 9,11,-8,8
1945,JAC 19 @ DET 26,11,5.5,-5.5
1946,TB 19 @ KC 17,11,7,-7
1947,MIA 14 @ LA 10,11,1,-1
1948,PHI 15 @ SEA 26,11,6.5,-6.5
1949,NE 30 @ SF 17,11,-10.5,10.5
1950,GB 24 @ WAS 42,11,2.5,-2.5
1951,HOU 20 @ OAK 27,11,6.5,-6.5
1952,TEN 13 @ JAC 19,11,3,-3
1953,STL 13 @ BAL 16,11,3,-3
1954,WAS 16 @ CAR 44,11,7,-7
1955,DEN 17 @ CHI 15,11,-2.5,2.5
1956,OAK 13 @ DET 18,11,-2,2
1957,GB 30 @ MIN 13,11,-1,1
1958,IND 24 @ ATL 21,11,3.5,-3.5
1959,DAL 24 @ MIA 14,11,-2.5,2.5
1960,TB 45 @ PHI 17,11,7,-7
1961,NYJ 17 @ HOU 24,11,-4,4
1962,CIN 31 @ ARI 34,11,4,-4
1963,SF 13 @ SEA 29,11,14,-14
1964,KC 33 @ SD 3,11,-3,3
1965,BUF 13 @ NE 20,11,7,-7
1966,BUF 9 @ MIA 22,11,4,-4
1967,MIN 13 @ CHI 21,11,2.5,-2.5
1968,HOU 23 @ CLE 7,11,4.5,-4.5
1969,PHI 20 @ GB 53,11,4.5,-4.5
1970,SEA 20 @ KC 24,11,-1,1
1971,ATL 19 @ CAR 17,11,-2.5,2.5
1972,CIN 27 @ NO 10,11,8.5,-8.5
1973,TB 27 @ WAS 7,11,6.5,-6.5
1974,DEN 7 @ STL 22,11,-8,8
1975,SF 16 @ NYG 10,11,-4,4
1976,OAK 6 @ SD 13,11,10,-10
1977,DET 6 @ ARI 14,11,-1,1
1978,NE 42 @ IND 20,11,3,-3
1979,PIT 27 @ TEN 24,11,-7,7
1980,IND 30 @ TEN 27,11,-2.5,2.5
1981,NYJ 14 @ BUF 37,11,-1,1
1982,ATL 28 @ TB 41,11,1,-1
1983,DET 27 @ PIT 37,11,-3,3
1984,WAS 16 @ PHI 24,11,4.5,-4.5
1985,SD 16 @ MIA 20,11,-2.5,2.5
1986,BAL 20 @ CHI 23,11,4,-4
1987,CLE 20 @ CIN 41,11,4,-4
1988,OAK 28 @ HOU 23,11,10.5,-10.5
1989,ARI 27 @ JAC 14,11,-9.5,9.5
1990,KC 17 @ DEN 27,11,7.5,-7.5
1991,MIN 20 @ SEA 41,11,13,-13
1992,SF 20 @ NO 23,11,3.5,-3.5
1993,GB 13 @ NYG 27,11,3.5,-3.5
1994,NE 20 @ CAR 24,11,3,-3
1995,MIA 14 @ BUF 19,11,1,-1
1996,TB 27 @ CAR 21,11,-1,1
1997,CLE 20 @ DAL 23,11,7,-7
1998,GB 24 @ DET 20,11,-3,3
1999,JAC 37 @ HOU 43,11,15,-15
2000,ARI 19 @ ATL 23,11,9.5,-9.5
2001,CIN 28 @ KC 6,11,-3,3
2002,PHI 6 @ WAS 31,11,3.5,-3.5
2003,NYJ 27 @ STL 13,11,3.5,-3.5
2004,IND 24 @ NE 59,11,10,-10
2005,NO 38 @ OAK 17,11,-6,6
2006,SD 23 @ DEN 30,11,7.5,-7.5
2007,BAL 13 @ PIT 10,11,-3,3
2008,CHI 7 @ SF 32,11,3.5,-3.5
2009,NYJ 13 @ DEN 17,11,-6,6
2010,BUF 8 @ MIA 35,11,3,-3
2011,CIN 24 @ BAL 31,11,7,-7
2012,JAC 10 @ CLE 14,11,1,-1
2013,OAK 27 @ MIN 21,11,1,-1
2014,CAR 35 @ DET 49,11,7,-7
2015,TB 26 @ GB 35,11,13.5,-13.5
2016,DAL 27 @ WAS 24,11,-7,7
2017,ARI 7 @ SF 23,11,10,-10
2018,SEA 24 @ STL 7,11,3,-3
2019,TEN 17 @ ATL 23,11,6,-6
2020,SD 20 @ CHI 31,11,4.5,-4.5
2021,PHI 17 @ NYG 10,11,6,-6
2022,KC 3 @ NE 34,11,17,-17
2023,CHI 16 @ MIA 0,11,3,-3
2024,OAK 3 @ PIT 35,11,7,-7
2025,HOU 27 @ NYJ 30,11,7,-7
2026,BAL 37 @ CAR 13,11,-13,13
2027,WAS 19 @ TEN 16,11,7,-7
2028,DET 19 @ DAL 35,11,6,-6
2029,GB 31 @ MIN 3,11,-3,3
2030,BUF 49 @ CIN 31,11,4,-4
2031,CLE 20 @ JAC 24,11,3,-3
2032,ARI 13 @ KC 31,11,7,-7
2033,SEA 19 @ NO 34,11,11,-11
2034,ATL 34 @ STL 17,11,-3,3
2035,TB 21 @ SF 0,11,4,-4
2036,IND 28 @ NE 31,11,4,-4
2037,NYG 17 @ PHI 27,11,3,-3
2038,DEN 14 @ SD 35,11,9,-9
2039,MIA 24 @ CAR 17,11,3,-3
2040,CLE 37 @ DET 38,11,3,-3
2041,BUF 15 @ JAC 18,11,9,-9
2042,PIT 24 @ KC 27,11,-11,11
2043,IND 17 @ BAL 15,11,-1,1
2044,ATL 31 @ NYG 34,11,8,-8
2045,SF 24 @ GB 30,11,6,-6
2046,SEA 9 @ MIN 35,11,11,-11
2047,WAS 6 @ DAL 7,11,11,-11
2048,NO 38 @ TB 7,11,-11,11
2049,ARI 21 @ STL 13,11,-9,9
2050,NYJ 14 @ NE 31,11,11,-11
2051,CIN 17 @ OAK 20,11,-9,9
2052,SD 32 @ DEN 3,11,-6,6
2053,PHI 24 @ CHI 20,11,-3,3
2054,TEN 20 @ HOU 17,11,3,-3
2055,NYJ 34 @ NE 31,11,3,-3
2056,DEN 24 @ ATL 20,11,7,-7
2057,OAK 15 @ MIA 17,11,10,-10
2058,BAL 10 @ NYG 30,11,7,-7
2059,HOU 27 @ IND 33,11,8,-8
2060,CHI 3 @ GB 37,11,4,-4
2061,PHI 13 @ CIN 13,11,-9,9
2062,NO 30 @ KC 20,11,-6,6
2063,DET 22 @ CAR 31,11,14,-14
2064,MIN 13 @ TB 19,11,5,-5
2065,STL 16 @ SF 35,11,7,-7
2066,ARI 26 @ SEA 20,11,-3,3
2067,TEN 24 @ JAC 14,11,-3,3
2068,SD 10 @ PIT 11,11,5,-5
2069,DAL 14 @ WAS 10,11,-2,2
2070,CLE 29 @ BUF 27,11,5,-5
2071,SD 17 @ JAC 24,11,3,-3
2072,KC 10 @ IND 13,11,15,-15
2073,OAK 22 @ MIN 29,11,5,-5
2074,CLE 33 @ BAL 30,11,-1,1
2075,TB 31 @ ATL 7,11,-3,3
2076,ARI 35 @ CIN 27,11,3,-3
2077,MIA 7 @ PHI 17,11,10,-10
2078,CAR 17 @ GB 31,11,10,-10
2079,NYG 16 @ DET 10,11,-3,3
2080,NO 10 @ HOU 23,11,2,-2
2081,PIT 16 @ NYJ 19,11,-9,9
2082,WAS 23 @ DAL 28,11,11,-11
2083,STL 13 @ SF 9,11,-3,3
2084,CHI 23 @ SEA 30,11,6,-6
2085,NE 56 @ BUF 10,11,-16,16
2086,TEN 20 @ DEN 34,11,1,-1
2087,IND 17 @ HOU 20,12,3.5,-3.5
2088,CAR 31 @ NO 34,12,10,-10
2089,DEN 3 @ BUF 20,12,3.5,-3.5
2090,DET 16 @ WAS 19,12,-4,4
2091,MIA 24 @ CLE 41,12,11,-11
2092,NYG 14 @ CHI 19,12,6,-6
2093,OAK 3 @ NYJ 34,12,-3.5,3.5
2094,PIT 16 @ CIN 10,12,-5.5,5.5
2095,TB 35 @ ATL 22,12,3.5,-3.5
2096,JAC 20 @ TEN 42,12,4.5,-4.5
2097,DAL 9 @ NE 13,12,5.5,-5.5
2098,GB 8 @ SF 37,12,3,-3
2099,SEA 17 @ PHI 9,12,-1,1
2100,BAL 45 @ LAR 6,12,-3.5,3.5
2101,CHI 23 @ DET 16,12,-3,3
2102,WAS 23 @ DAL 31,12,7,-7
2103,ATL 17 @ NO 31,12,11.5,-11.5
2104,CLE 35 @ CIN 20,12,-1,1
2105,JAC 21 @ BUF 24,12,-3,3
2106,MIA 24 @ IND 27,12,9,-9
2107,NE 27 @ NYJ 13,12,-13,13
2108,NYG 22 @ PHI 25,12,4.5,-4.5
2109,OAK 17 @ BAL 34,12,13,-13
2110,SEA 30 @ CAR 27,12,3,-3
2111,SF 9 @ TB 27,12,1.5,-1.5
2112,ARI 10 @ LAC 45,12,14,-14
2113,PIT 17 @ DEN 24,12,-3,3
2114,GB 17 @ MIN 24,12,4,-4
2115,TEN 17 @ HOU 34,12,3.5,-3.5
2116,MIN 30 @ DET 23,12,-2.5,2.5
2117,LAC 28 @ DAL 6,12,-1,1
2118,NYG 10 @ WAS 20,12,7,-7
2119,BUF 16 @ KC 10,12,8.5,-8.5
2120,MIA 17 @ NE 35,12,17,-17
2121,CAR 35 @ NYJ 27,12,-5.5,5.5
2122,CHI 3 @ PHI 31,12,14,-14
2123,TB 20 @ ATL 34,12,10.5,-10.5
2124,CLE 16 @ CIN 30,12,7.5,-7.5
2125,TEN 20 @ IND 16,12,-3,3
2126,NO 20 @ LAR 26,12,2.5,-2.5
2127,SEA 24 @ SF 13,12,-7,7
2128,DEN 14 @ OAK 21,12,3.5,-3.5
2129,JAC 24 @ ARI 27,12,-6.5,6.5
2130,GB 28 @ PIT 31,12,14,-14
2131,HOU 16 @ BAL 23,12,7.5,-7.5
2132,MIN 13 @ DET 16,12,2,-2
2133,WAS 26 @ DAL 31,12,5.5,-5.5
2134,PIT 28 @ IND 7,12,-8,8
2135,NYG 27 @ CLE 13,12,-6.5,6.5
2136,SF 24 @ MIA 31,12,7,-7
2137,LA 21 @ NO 49,12,7.5,-7.5
2138,TEN 27 @ CHI 21,12,-6.5,6.5
2139,JAC 21 @ BUF 28,12,8.5,-8.5
2140,ARI 19 @ ATL 38,12,3.5,-3.5
2141,CIN 14 @ BAL 19,12,3.5,-3.5
2142,SD 21 @ HOU 13,12,-2.5,2.5
2143,SEA 5 @ TB 14,12,-5,5
2144,KC 30 @ DEN 27,12,3.5,-3.5
2145,CAR 32 @ OAK 35,12,3.5,-3.5
2146,NE 22 @ NYJ 17,12,-9,9
2147,GB 27 @ PHI 13,12,4,-4
2148,PHI 14 @ DET 45,12,3,-3
2149,CAR 33 @ DAL 14,12,-1,1
2150,CHI 17 @ GB 13,12,7.5,-7.5
2151,NO 6 @ HOU 24,12,3.5,-3.5
2152,BUF 22 @ KC 30,12,4.5,-4.5
2153,SD 31 @ JAC 25,12,5,-5
2154,MIN 20 @ ATL 10,12,2,-2
2155,MIA 20 @ NYJ 38,12,4.5,-4.5
2156,NYG 14 @ WAS 20,12,-1,1
2157,OAK 24 @ TEN 21,12,-1,1
2158,STL 7 @ CIN 31,12,10.5,-10.5
2159,TB 12 @ IND 25,12,3,-3
2160,ARI 19 @ SF 13,12,-7.5,7.5
2161,PIT 30 @ SEA 39,12,3,-3
2162,NE 24 @ DEN 30,12,-2.5,2.5
2163,BAL 33 @ CLE 27,12,6,-6
2164,KC 20 @ OAK 24,12,-7.5,7.5
2165,CLE 26 @ ATL 24,12,3,-3
2166,TEN 24 @ PHI 43,12,11,-11
2167,DET 9 @ NE 34,12,7.5,-7.5
2168,GB 24 @ MIN 21,12,-7.5,7.5
2169,JAC 3 @ IND 23,12,13,-13
2170,CIN 22 @ HOU 13,12,3,-3
2171,TB 13 @ CHI 21,12,4,-4
2172,ARI 3 @ SEA 19,12,7.5,-7.5
2173,STL 24 @ SD 27,12,4,-4
2174,MIA 36 @ DEN 39,12,6.5,-6.5
2175,WAS 13 @ SF 17,12,9,-9
2176,DAL 31 @ NYG 28,12,-4,4
2177,NYJ 3 @ BUF 38,12,2.5,-2.5
2178,BAL 34 @ NO 27,12,2.5,-2.5
2179,NO 17 @ ATL 13,12,-7.5,7.5
2180,PIT 27 @ CLE 11,12,2.5,-2.5
2181,TB 24 @ DET 21,12,7,-7
2182,MIN 26 @ GB 26,12,6,-6
2183,JAC 13 @ HOU 6,12,10.5,-10.5
2184,NYJ 3 @ BAL 19,12,4,-4
2185,SD 41 @ KC 38,12,3.5,-3.5
2186,CHI 21 @ STL 42,12,1,-1
2187,CAR 20 @ MIA 16,12,-4.5,4.5
2188,IND 11 @ ARI 40,12,3.5,-3.5
2189,TEN 23 @ OAK 19,12,-2.5,2.5
2190,DAL 24 @ NYG 21,12,1,-1
2191,DEN 31 @ NE 34,12,1,-1
2192,SF 6 @ WAS 27,12,-5.5,5.5
2193,HOU 34 @ DET 31,12,-3.5,3.5
2194,WAS 38 @ DAL 31,12,3.5,-3.5
2195,NE 49 @ NYJ 19,12,-7,7
2196,BUF 13 @ IND 20,12,2,-2
2197,PIT 14 @ CLE 20,12,-1,1
2198,OAK 10 @ CIN 34,12,9.5,-9.5
2199,MIN 10 @ CHI 28,12,6.5,-6.5
2200,TEN 19 @ JAC 24,12,-3.5,3.5
2201,ATL 24 @ TB 23,12,-1,1
2202,SEA 21 @ MIA 24,12,-3,3
2203,DEN 17 @ KC 9,12,-10,10
2204,BAL 16 @ SD 13,12,-1,1
2205,SF 31 @ NO 21,12,-1,1
2206,STL 31 @ ARI 17,12,1,-1
2207,GB 10 @ NYG 38,12,1.5,-1.5
2208,CAR 30 @ PHI 22,12,-3,3
2209,GB 27 @ DET 15,12,-5,5
2210,MIA 19 @ DAL 20,12,7,-7
2211,SF 6 @ BAL 16,12,3.5,-3.5
2212,BUF 24 @ NYJ 28,12,9,-9
2213,CLE 20 @ CIN 23,12,7,-7
2214,HOU 20 @ JAC 13,12,-7,7
2215,CAR 27 @ IND 19,12,-4,4
2216,TB 17 @ TEN 23,12,3,-3
2217,CHI 20 @ OAK 25,12,3,-3
2218,WAS 23 @ SEA 17,12,3,-3
2219,DEN 16 @ SD 13,12,4.5,-4.5
2220,NE 38 @ PHI 20,12,-3,3
2221,ARI 23 @ STL 20,12,3,-3
2222,MIN 14 @ ATL 24,12,10,-10
2223,PIT 13 @ KC 9,12,-10.5,10.5
2224,NYG 24 @ NO 49,12,7,-7
2225,NE 45 @ DET 24,12,-6,6
2226,NO 30 @ DAL 27,12,-5,5
2227,CIN 10 @ NYJ 26,12,10,-10
2228,MIN 17 @ WAS 13,12,-3,3
2229,PIT 19 @ BUF 16,12,-7,7
2230,TEN 0 @ HOU 20,12,5,-5
2231,JAC 20 @ NYG 24,12,8,-8
2232,CAR 23 @ CLE 24,12,8,-8
2233,GB 17 @ ATL 20,12,3,-3
2234,MIA 33 @ OAK 17,12,3,-3
2235,KC 42 @ SEA 24,12,-2,2
2236,TB 10 @ BAL 17,12,8,-8
2237,PHI 26 @ CHI 31,12,-3,3
2238,STL 36 @ DEN 33,12,3,-3
2239,SD 36 @ IND 14,12,2,-2
2240,SF 27 @ ARI 6,12,-2,2
2241,GB 34 @ DET 12,12,-11,11
2242,OAK 7 @ DAL 24,12,14,-14
2243,NYG 6 @ DEN 26,12,-5,5
2244,IND 35 @ HOU 27,12,-3,3
2245,CLE 7 @ CIN 16,12,12,-12
2246,WAS 24 @ PHI 27,12,10,-10
2247,MIA 14 @ BUF 31,12,-4,4
2248,SEA 27 @ STL 17,12,-3,3
2249,TB 17 @ ATL 20,12,13,-13
2250,CAR 6 @ NYJ 17,12,3,-3
2251,JAC 3 @ SF 20,12,3,-3
2252,KC 14 @ SD 43,12,13,-13
2253,CHI 10 @ MIN 36,12,10,-10
2254,ARI 17 @ TEN 20,12,3,-3
2255,PIT 17 @ BAL 20,12,8,-8
2256,NE 17 @ NO 38,12,2,-2
2257,CIN 10 @ PIT 27,12,12,-12
2258,HOU 16 @ CLE 6,12,3,-3
2259,BUF 54 @ KC 31,12,-3,3
2260,NYJ 34 @ TEN 13,12,6,-6
2261,NE 48 @ MIA 28,12,-2,2
2262,SF 22 @ DAL 35,12,10,-10
2263,TB 38 @ DET 20,12,-8,8
2264,PHI 7 @ BAL 36,12,2,-2
2265,CHI 27 @ STL 3,12,-7,7
2266,MIN 30 @ JAC 12,12,2,-2
2267,OAK 31 @ DEN 10,12,9,-9
2268,CAR 28 @ ATL 45,12,-1,1
2269,WAS 20 @ SEA 17,12,-3,3
2270,NYG 37 @ ARI 29,12,-3,3
2271,IND 23 @ SD 20,12,3,-3
2272,GB 29 @ NO 51,12,0,0
2273,GB 37 @ DET 26,12,-3,3
2274,NYJ 3 @ DAL 34,12,14,-14
2275,IND 31 @ ATL 13,12,-13,13
2276,TEN 6 @ CIN 35,12,0,0
2277,BUF 14 @ JAC 36,12,9,-9
2278,OAK 20 @ KC 17,12,4,-4
2279,HOU 17 @ CLE 27,12,3,-3
2280,SEA 24 @ STL 19,12,-3,3
2281,MIN 41 @ NYG 17,12,7,-7
2282,NO 31 @ CAR 6,12,-3,3
2283,WAS 13 @ TB 19,12,3,-3
2284,SF 37 @ ARI 31,12,10,-10
2285,DEN 34 @ CHI 37,12,1,-1
2286,BAL 14 @ SD 32,12,10,-10
2287,PHI 28 @ NE 31,12,24,-24
2288,MIA 0 @ PIT 3,12,15,-15
2289,CHI 24 @ DET 20,13,-5.5,5.5
2290,BUF 26 @ DAL 15,13,-7.5,7.5
2291,NO 26 @ ATL 18,13,6.5,-6.5
2292,GB 31 @ NYG 13,13,-6.5,6.5
2293,NYJ 6 @ CIN 22,13,-2.5,2.5
2294,OAK 9 @ KC 40,13,11.5,-11.5
2295,PHI 31 @ MIA 37,13,-10.5,10.5
2296,SF 17 @ BAL 20,13,5.5,-5.5
2297,TB 28 @ JAC 11,13,-3,3
2298,TEN 31 @ IND 17,13,-1,1
2299,WAS 29 @ CAR 21,13,10.5,-10.5
2300,LAR 34 @ ARI 7,13,-2.5,2.5
2301,CLE 13 @ PIT 20,13,-1,1
2302,LAC 20 @ DEN 23,13,-4.5,4.5
2303,NE 22 @ HOU 28,13,-3.5,3.5
2304,MIN 30 @ SEA 34,13,2.5,-2.5
2305,NO 10 @ DAL 13,13,-7,7
2306,DEN 24 @ CIN 10,13,-3.5,3.5
2307,ARI 20 @ GB 17,13,14.5,-14.5
2308,BAL 26 @ ATL 16,13,2.5,-2.5
2309,BUF 17 @ MIA 21,13,3.5,-3.5
2310,CAR 17 @ TB 24,13,-3.5,3.5
2311,CHI 27 @ NYG 30,13,-3.5,3.5
2312,CLE 13 @ HOU 29,13,5,-5
2313,IND 0 @ JAC 6,13,-4,4
2314,LAC 33 @ PIT 30,13,3.5,-3.5
2315,LAR 30 @ DET 16,13,-10.5,10.5
2316,KC 40 @ OAK 33,13,-14,14
2317,NYJ 22 @ TEN 26,13,10.5,-10.5
2318,MIN 10 @ NE 24,13,6,-6
2319,SF 16 @ SEA 43,13,10,-10
2320,WAS 13 @ PHI 28,13,5.5,-5.5
2321,WAS 14 @ DAL 38,13,-1.5,1.5
2322,TB 20 @ GB 26,13,3,-3
2323,IND 10 @ JAC 30,13,10,-10
2324,DEN 9 @ MIA 35,13,-1,1
2325,MIN 14 @ ATL 9,13,2,-2
2326,KC 31 @ NYJ 38,13,-3.5,3.5
2327,HOU 13 @ TEN 24,13,7,-7
2328,CAR 21 @ NO 31,13,5.5,-5.5
2329,DET 20 @ BAL 44,13,2.5,-2.5
2330,NE 23 @ BUF 3,13,-7.5,7.5
2331,SF 15 @ CHI 14,13,2.5,-2.5
2332,CLE 10 @ LAC 19,13,13.5,-13.5
2333,LAR 32 @ ARI 16,13,-7.5,7.5
2334,NYG 17 @ OAK 24,13,10,-10
2335,PHI 10 @ SEA 24,13,-3.5,3.5
2336,PIT 23 @ CIN 20,13,-4.5,4.5
2337,DAL 17 @ MIN 15,13,-3,3
2338,MIA 6 @ BAL 38,13,3.5,-3.5
2339,SF 6 @ CHI 26,13,0,0
2340,HOU 13 @ GB 21,13,7,-7
2341,KC 29 @ ATL 28,13,5,-5
2342,LA 10 @ NE 26,13,13,-13
2343,DET 28 @ NO 13,13,6.5,-6.5
2344,PHI 14 @ CIN 32,13,1,-1
2345,DEN 20 @ JAC 10,13,-3.5,3.5
2346,BUF 24 @ OAK 38,13,3,-3
2347,TB 28 @ SD 21,13,3.5,-3.5
2348,WAS 23 @ ARI 31,13,2.5,-2.5
2349,NYG 14 @ PIT 24,13,7,-7
2350,CAR 7 @ SEA 40,13,8.5,-8.5
2351,IND 41 @ NYJ 10,13,1,-1
2352,GB 27 @ DET 23,13,-2.5,2.5
2353,SEA 38 @ MIN 7,13,-2.5,2.5
2354,CIN 37 @ CLE 3,13,-7.5,7.5
2355,BAL 13 @ MIA 15,13,3.5,-3.5
2356,HOU 21 @ BUF 30,13,3,-3
2357,SF 26 @ CHI 20,13,6,-6
2358,JAC 39 @ TEN 42,13,3,-3
2359,ATL 19 @ TB 23,13,1,-1
2360,ARI 27 @ STL 3,13,-3.5,3.5
2361,NYJ 23 @ NYG 20,13,-2,2
2362,CAR 41 @ NO 38,13,-5.5,5.5
2363,DEN 17 @ SD 3,13,-6,6
2364,KC 34 @ OAK 20,13,-3,3
2365,PHI 35 @ NE 28,13,9.5,-9.5
2366,IND 10 @ PIT 45,13,10,-10
2367,DAL 19 @ WAS 16,13,2,-2
2368,CHI 17 @ DET 34,13,7.5,-7.5
2369,PHI 33 @ DAL 10,13,3,-3
2370,SEA 19 @ SF 3,13,1,-1
2371,WAS 27 @ IND 49,13,7.5,-7.5
2372,TEN 21 @ HOU 45,13,7,-7
2373,CLE 10 @ BUF 26,13,3,-3
2374,SD 34 @ BAL 33,13,6.5,-6.5
2375,NYG 24 @ JAC 25,13,-3,3
2376,CIN 14 @ TB 13,13,-6,6
2377,OAK 0 @ STL 52,13,6.5,-6.5
2378,NO 35 @ PIT 32,13,3.5,-3.5
2379,CAR 13 @ MIN 31,13,2.5,-2.5
2380,ARI 18 @ ATL 29,13,-1.5,1.5
2381,NE 21 @ GB 26,13,3,-3
2382,DEN 29 @ KC 16,13,1,-1
2383,MIA 16 @ NYJ 13,13,-6.5,6.5
2384,GB 10 @ DET 40,13,7,-7
2385,OAK 24 @ DAL 31,13,10,-10
2386,PIT 20 @ BAL 22,13,3,-3
2387,DEN 35 @ KC 28,13,-5,5
2388,TEN 14 @ IND 22,13,3.5,-3.5
2389,JAC 32 @ CLE 28,13,7.5,-7.5
2390,TB 6 @ CAR 27,13,7.5,-7.5
2391,CHI 20 @ MIN 23,13,2.5,-2.5
2392,ARI 21 @ PHI 24,13,3.5,-3.5
2393,MIA 23 @ NYJ 3,13,-1,1
2394,ATL 34 @ BUF 31,13,5,-5
2395,STL 13 @ SF 23,13,7.5,-7.5
2396,NE 34 @ HOU 31,13,-7,7
2397,CIN 17 @ SD 10,13,-2.5,2.5
2398,NYG 24 @ WAS 17,13,1,-1
2399,NO 7 @ SEA 34,13,6.5,-6.5
2400,NO 13 @ ATL 23,13,3.5,-3.5
2401,JAC 18 @ BUF 34,13,6,-6
2402,HOU 24 @ TEN 10,13,-7,7
2403,SF 13 @ STL 16,13,-7,7
2404,ARI 6 @ NYJ 7,13,6,-6
2405,NE 23 @ MIA 16,13,-7,7
2406,CAR 21 @ KC 27,13,-5,5
2407,SEA 23 @ CHI 17,13,3,-3
2408,IND 35 @ DET 33,13,7,-7
2409,MIN 14 @ GB 23,13,7,-7
2410,TB 23 @ DEN 31,13,9.5,-9.5
2411,PIT 23 @ BAL 20,13,7,-7
2412,CIN 20 @ SD 13,13,1,-1
2413,CLE 20 @ OAK 17,13,-2.5,2.5
2414,PHI 33 @ DAL 38,13,10.5,-10.5
2415,NYG 16 @ WAS 17,13,-2.5,2.5
2416,PHI 14 @ SEA 31,13,-3,3
2417,TEN 23 @ BUF 17,13,1,-1
2418,KC 10 @ CHI 3,13,9,-9
2419,BAL 24 @ CLE 10,13,-7,7
2420,OAK 14 @ MIA 34,13,3.5,-3.5
2421,DET 17 @ NO 31,13,9,-9
2422,CIN 7 @ PIT 35,13,7,-7
2423,CAR 38 @ TB 19,13,-1,1
2424,NYJ 34 @ WAS 19,13,-3,3
2425,ATL 10 @ HOU 17,13,-1,1
2426,DEN 35 @ MIN 32,13,1,-1
2427,STL 0 @ SF 26,13,14,-14
2428,GB 38 @ NYG 35,13,-7,7
2429,DAL 13 @ ARI 19,13,-4,4
2430,IND 24 @ NE 31,13,20.5,-20.5
2431,SD 38 @ JAC 14,13,-3,3
2432,HOU 24 @ PHI 34,13,8,-8
2433,BUF 14 @ MIN 38,13,6,-6
2434,CLE 13 @ MIA 10,13,6,-6
2435,JAC 17 @ TEN 6,13,3,-3
2436,DEN 6 @ KC 10,13,8,-8
2437,WAS 7 @ NYG 31,13,8,-8
2438,CHI 24 @ DET 20,13,-5,5
2439,SF 16 @ GB 34,13,9,-9
2440,NO 34 @ CIN 30,13,-7,7
2441,OAK 28 @ SD 13,13,13,-13
2442,ATL 28 @ TB 24,13,-3,3
2443,CAR 14 @ SEA 31,13,5,-5
2444,DAL 38 @ IND 35,13,6,-6
2445,STL 19 @ ARI 6,13,-3,3
2446,PIT 13 @ BAL 10,13,3,-3
2447,NYJ 3 @ NE 45,13,4,-4
2448,NYJ 19 @ BUF 13,13,-4,4
2449,DEN 44 @ KC 13,13,-6,6
2450,OAK 27 @ PIT 24,13,15,-15
2451,HOU 18 @ JAC 23,13,-1,1
2452,TEN 17 @ IND 27,13,6,-6
2453,PHI 34 @ ATL 7,13,-4,4
2454,DET 13 @ CIN 23,13,14,-14
2455,NO 33 @ WAS 30,13,-8,8
2456,TB 6 @ CAR 16,13,3,-3
2457,STL 9 @ CHI 17,13,9,-9
2458,NE 21 @ MIA 22,13,-5,5
2459,SD 30 @ CLE 23,13,-14,14
2460,SF 17 @ SEA 20,13,1,-1
2461,DAL 24 @ NYG 31,13,-1,1
2462,MIN 17 @ ARI 30,13,-3,3
2463,BAL 14 @ GB 27,13,4,-4
2464,TEN 47 @ DET 10,13,-11,11
2465,SEA 9 @ DAL 34,13,12,-12
2466,ARI 20 @ PHI 48,13,3,-3
2467,SF 10 @ BUF 3,13,7,-7
2468,NO 20 @ TB 23,13,4,-4
2469,CAR 35 @ GB 31,13,3,-3
2470,NYG 23 @ WAS 7,13,-4,4
2471,MIA 16 @ STL 12,13,-7,7
2472,BAL 34 @ CIN 3,13,-7,7
2473,IND 10 @ CLE 6,13,-4,4
2474,ATL 22 @ SD 16,13,7,-7
2475,DEN 34 @ NYJ 17,13,8,-8
2476,PIT 33 @ NE 10,13,3,-3
2477,KC 20 @ OAK 13,13,3,-3
2478,CHI 14 @ MIN 34,13,5,-5
2479,JAC 17 @ HOU 30,13,3,-3
2480,GB 27 @ DAL 37,13,7,-7
2481,ATL 16 @ STL 28,13,3,-3
2482,BUF 17 @ WAS 16,13,7,-7
2483,DET 10 @ MIN 42,13,6,-6
2484,HOU 20 @ TEN 28,13,3,-3
2485,JAC 25 @ IND 28,13,7,-7
2486,SD 24 @ KC 10,13,-6,6
2487,SEA 28 @ PHI 24,13,3,-3
2488,SF 14 @ CAR 31,13,3,-3
2489,NYJ 40 @ MIA 13,13,2,-2
2490,CLE 21 @ ARI 27,13,0,0
2491,DEN 20 @ OAK 34,13,-4,4
2492,TB 27 @ NO 23,13,6,-6
2493,NYG 21 @ CHI 16,13,0,0
2494,CIN 10 @ PIT 24,13,7,-7
2495,NE 27 @ BAL 24,13,-20,20
2496,DAL 24 @ CHI 31,14,-3,3
2497,BAL 24 @ BUF 17,14,-6.5,6.5
2498,CAR 20 @ ATL 40,14,3.5,-3.5
2499,CIN 19 @ CLE 27,14,6.5,-6.5
2500,DEN 38 @ HOU 24,14,8,-8
2501,DET 7 @ MIN 20,14,12,-12
2502,IND 35 @ TB 38,14,3,-3
2503,MIA 21 @ NYJ 22,14,5,-5
2504,SF 48 @ NO 46,14,1,-1
2505,WAS 15 @ GB 20,14,13,-13
2506,LAC 45 @ JAC 10,14,-3.5,3.5
2507,KC 23 @ NE 16,14,3,-3
2508,PIT 23 @ ARI 17,14,-2.5,2.5
2509,TEN 42 @ OAK 21,14,-3,3
2510,SEA 12 @ LAR 28,14,1,-1
2511,NYG 17 @ PHI 23,14,9.5,-9.5
2512,JAC 9 @ TEN 30,14,5.5,-5.5
2513,ATL 20 @ GB 34,14,4,-4
2514,BAL 24 @ KC 27,14,6.5,-6.5
2515,CAR 20 @ CLE 26,14,-1,1
2516,IND 24 @ HOU 21,14,4,-4
2517,LAR 6 @ CHI 15,14,-3,3
2518,NE 33 @ MIA 34,14,-8.5,8.5
2519,NO 28 @ TB 14,14,-8.5,8.5
2520,NYG 40 @ WAS 16,14,-3,3
2521,NYJ 27 @ BUF 23,14,4.5,-4.5
2522,CIN 21 @ LAC 26,14,17,-17
2523,DEN 14 @ SF 20,14,-3,3
2524,DET 17 @ ARI 3,14,-2.5,2.5
2525,PHI 23 @ DAL 29,14,3.5,-3.5
2526,PIT 21 @ OAK 24,14,-10.5,10.5
2527,MIN 7 @ SEA 21,14,3,-3
2528,NO 17 @ ATL 20,14,2.5,-2.5
2529,OAK 15 @ KC 26,14,4.5,-4.5
2530,IND 7 @ BUF 13,14,3.5,-3.5
2531,DET 24 @ TB 21,14,0,0
2532,MIN 24 @ CAR 31,14,-2.5,2.5
2533,CHI 33 @ CIN 7,14,6,-6
2534,GB 27 @ CLE 21,14,-2.5,2.5
2535,SF 26 @ HOU 16,14,1,-1
2536,SEA 24 @ JAC 30,14,3,-3
2537,TEN 7 @ ARI 12,14,-2.5,2.5
2538,NYJ 0 @ DEN 23,14,-1,1
2539,WAS 13 @ LAC 30,14,6,-6
2540,PHI 43 @ LAR 35,14,-1,1
2541,DAL 30 @ NYG 10,14,-4,4
2542,BAL 38 @ PIT 39,14,6,-6
2543,NE 20 @ MIA 27,14,-10,10
2544,OAK 13 @ KC 21,14,3.5,-3.5
2545,PIT 27 @ BUF 20,14,-1,1
2546,HOU 22 @ IND 17,14,6.5,-6.5
2547,WAS 27 @ PHI 22,14,-1.5,1.5
2548,DEN 10 @ TEN 13,14,2,-2
2549,NO 11 @ TB 16,14,2,-2
2550,SD 16 @ CAR 28,14,1,-1
2551,CIN 23 @ CLE 10,14,-4,4
2552,CHI 17 @ DET 20,14,7.5,-7.5
2553,MIN 25 @ JAC 16,14,-3,3
2554,ARI 23 @ MIA 26,14,-2,2
2555,NYJ 23 @ SF 17,14,3,-3
2556,SEA 10 @ GB 38,14,-3,3
2557,ATL 42 @ LA 14,14,-4.5,4.5
2558,DAL 7 @ NYG 10,14,-3.5,3.5
2559,BAL 23 @ NE 30,14,6,-6
2560,MIN 20 @ ARI 23,14,10,-10
2561,ATL 0 @ CAR 30,14,8.5,-8.5
2562,BUF 20 @ PHI 23,14,1,-1
2563,NE 27 @ HOU 6,14,-4,4
2564,PIT 33 @ CIN 20,14,1,-1
2565,WAS 24 @ CHI 21,14,4,-4
2566,SF 10 @ CLE 24,14,2.5,-2.5
2567,IND 16 @ JAC 51,14,1,-1
2568,SD 3 @ KC 10,14,11.5,-11.5
2569,TEN 8 @ NYJ 30,14,8,-8
2570,DET 14 @ STL 21,14,-3,3
2571,NO 24 @ TB 17,14,6,-6
2572,OAK 15 @ DEN 12,14,6,-6
2573,DAL 7 @ GB 28,14,6,-6
2574,SEA 35 @ BAL 6,14,-10.5,10.5
2575,NYG 31 @ MIA 24,14,-2.5,2.5
2576,DAL 41 @ CHI 28,14,-3.5,3.5
2577,PIT 42 @ CIN 21,14,3,-3
2578,STL 24 @ WAS 0,14,-2.5,2.5
2579,NYG 36 @ TEN 7,14,-3,3
2580,CAR 41 @ NO 10,14,8.5,-8.5
2581,NYJ 24 @ MIN 30,14,4.5,-4.5
2582,BAL 28 @ MIA 13,14,3,-3
2583,IND 25 @ CLE 24,14,-3,3
2584,TB 17 @ DET 34,14,10.5,-10.5
2585,HOU 27 @ JAC 13,14,-6.5,6.5
2586,BUF 17 @ DEN 24,14,9,-9
2587,KC 14 @ ARI 17,14,-2.5,2.5
2588,SEA 24 @ PHI 14,14,-1.5,1.5
2589,SF 13 @ OAK 24,14,-8,8
2590,NE 23 @ SD 14,14,-4,4
2591,ATL 37 @ GB 43,14,13.5,-13.5
2592,HOU 20 @ JAC 27,14,-3,3
2593,MIN 26 @ BAL 29,14,6,-6
2594,KC 45 @ WAS 10,14,-3.5,3.5
2595,BUF 6 @ TB 27,14,3,-3
2596,MIA 34 @ PIT 28,14,3,-3
2597,DET 20 @ PHI 34,14,2.5,-2.5
2598,OAK 27 @ NYJ 37,14,3,-3
2599,IND 28 @ CIN 42,14,7,-7
2600,CLE 26 @ NE 27,14,9.5,-9.5
2601,CAR 13 @ NO 31,14,3,-3
2602,TEN 28 @ DEN 51,14,13,-13
2603,STL 10 @ ARI 30,14,4,-4
2604,SEA 17 @ SF 19,14,2.5,-2.5
2605,NYG 14 @ SD 37,14,4.5,-4.5
2606,ATL 21 @ GB 22,14,3.5,-3.5
2607,DAL 28 @ CHI 45,14,2,-2
2608,DEN 26 @ OAK 13,14,-10,10
2609,STL 15 @ BUF 12,14,3.5,-3.5
2610,BAL 28 @ WAS 31,14,1,-1
2611,PHI 23 @ TB 21,14,8,-8
2612,SD 34 @ PIT 24,14,7,-7
2613,CHI 14 @ MIN 21,14,-1,1
2614,ATL 20 @ CAR 30,14,-3,3
2615,DAL 20 @ CIN 19,14,3.5,-3.5
2616,KC 7 @ CLE 30,14,7,-7
2617,TEN 23 @ IND 27,14,3.5,-3.5
2618,NYJ 17 @ JAC 10,14,-3,3
2619,MIA 13 @ SF 27,14,10.5,-10.5
2620,ARI 0 @ SEA 58,14,10.5,-10.5
2621,NO 27 @ NYG 52,14,4,-4
2622,DET 20 @ GB 27,14,6,-6
2623,HOU 14 @ NE 42,14,5.5,-5.5
2624,CLE 3 @ PIT 14,14,14,-14
2625,TB 14 @ JAC 41,14,-3,3
2626,NE 34 @ WAS 27,14,-7.5,7.5
2627,HOU 20 @ CIN 19,14,2.5,-2.5
2628,KC 10 @ NYJ 37,14,10.5,-10.5
2629,MIN 28 @ DET 34,14,10,-10
2630,NO 22 @ TEN 17,14,-3.5,3.5
2631,PHI 26 @ MIA 10,14,3,-3
2632,IND 10 @ BAL 24,14,16.5,-16.5
2633,ATL 31 @ CAR 23,14,-3,3
2634,CHI 10 @ DEN 13,14,3.5,-3.5
2635,SF 19 @ ARI 21,14,-3.5,3.5
2636,OAK 16 @ GB 46,14,11.5,-11.5
2637,BUF 10 @ SD 37,14,7,-7
2638,NYG 37 @ DAL 34,14,4.5,-4.5
2639,STL 13 @ SEA 30,14,9,-9
2640,IND 30 @ TEN 28,14,-3,3
2641,OAK 31 @ JAC 38,14,3,-3
2642,CIN 7 @ PIT 23,14,8,-8
2643,CLE 6 @ BUF 13,14,1,-1
2644,GB 3 @ DET 7,14,-7,7
2645,ATL 31 @ CAR 10,14,-7,7
2646,TB 17 @ WAS 16,14,-1,1
2647,STL 13 @ NO 31,14,9,-9
2648,SEA 21 @ SF 40,14,5,-5
2649,NE 36 @ CHI 7,14,-3,3
2650,MIA 10 @ NYJ 6,14,5,-5
2651,DEN 13 @ ARI 43,14,-4,4
2652,KC 0 @ SD 31,14,10,-10
2653,PHI 30 @ DAL 27,14,-4,4
2654,NYG 21 @ MIN 3,14,-5,5
2655,BAL 34 @ HOU 28,14,-3,3
2656,PIT 6 @ CLE 13,14,-10,10
2657,DEN 16 @ IND 28,14,7,-7
2658,CIN 10 @ MIN 30,14,6,-6
2659,NYJ 26 @ TB 3,14,-4,4
2660,BUF 16 @ KC 10,14,-3,3
2661,GB 21 @ CHI 14,14,-4,4
2662,NO 26 @ ATL 23,14,-10,10
2663,DET 3 @ BAL 48,14,14,-14
2664,MIA 14 @ JAC 10,14,2,-2
2665,CAR 10 @ NE 20,14,13,-13
2666,SEA 7 @ HOU 34,14,7,-7
2667,STL 7 @ TEN 47,14,14,-14
2668,WAS 34 @ OAK 13,14,-2,2
2669,SD 20 @ DAL 17,14,3,-3
2670,PHI 45 @ NYG 38,14,-1,1
2671,ARI 9 @ SF 24,14,-4,4
2672,OAK 7 @ SD 34,14,9,-9
2673,CIN 3 @ IND 35,14,14,-14
2674,JAC 10 @ CHI 23,14,7,-7
2675,HOU 24 @ GB 21,14,7,-7
2676,CLE 9 @ TEN 28,14,14,-14
2677,MIN 20 @ DET 16,14,-11,11
2678,PHI 20 @ NYG 14,14,6,-6
2679,ATL 25 @ NO 29,14,3,-3
2680,NYJ 14 @ SF 24,14,-6,6
2681,MIA 16 @ BUF 3,14,2,-2
2682,KC 17 @ DEN 24,14,9,-9
2683,NE 24 @ SEA 21,14,-8,8
2684,STL 10 @ ARI 34,14,15,-15
2685,DAL 13 @ PIT 20,14,4,-4
2686,WAS 10 @ BAL 24,14,6,-6
2687,TB 23 @ CAR 38,14,3,-3
2688,CHI 16 @ WAS 24,14,3,-3
2689,CAR 6 @ JAC 37,14,11,-11
2690,DAL 28 @ DET 27,14,-11,11
2691,MIA 17 @ BUF 38,14,7,-7
2692,NYG 16 @ PHI 13,14,3,-3
2693,OAK 7 @ GB 38,14,10,-10
2694,SD 23 @ TEN 17,14,-2,2
2695,STL 10 @ CIN 19,14,10,-10
2696,TB 14 @ HOU 28,14,-3,3
2697,ARI 21 @ SEA 42,14,8,-8
2698,MIN 27 @ SF 7,14,-8,8
2699,PIT 13 @ NE 34,14,11,-11
2700,CLE 24 @ NYJ 18,14,-3,3
2701,KC 7 @ DEN 41,14,8,-8
2702,IND 44 @ BAL 20,14,-9,9
2703,NO 34 @ ATL 14,14,-4,4
2704,NYJ 21 @ BAL 42,15,17,-17
2705,BUF 17 @ PIT 10,15,1,-1
2706,CHI 13 @ GB 21,15,4,-4
2707,DEN 3 @ KC 23,15,10,-10
2708,HOU 24 @ TEN 21,15,3,-3
2709,MIA 20 @ NYG 36,15,3.5,-3.5
2710,NE 34 @ CIN 13,15,-10.5,10.5
2711,PHI 37 @ WAS 27,15,-7,7
2712,SEA 30 @ CAR 24,15,-6,6
2713,TB 38 @ DET 17,15,-5.5,5.5
2714,CLE 24 @ ARI 38,15,-3,3
2715,JAC 20 @ OAK 16,15,7,-7
2716,ATL 29 @ SF 22,15,10.5,-10.5
2717,LAR 21 @ DAL 44,15,-1,1
2718,MIN 39 @ LAC 10,15,-1,1
2719,IND 7 @ NO 34,15,8,-8
2720,LAC 29 @ KC 28,15,3.5,-3.5
2721,CLE 17 @ DEN 16,15,1,-1
2722,HOU 29 @ NYJ 22,15,-7,7
2723,DAL 0 @ IND 23,15,3,-3
2724,MIA 17 @ MIN 41,15,7.5,-7.5
2725,OAK 16 @ CIN 30,15,3,-3
2726,TEN 17 @ NYG 0,15,-2.5,2.5
2727,WAS 16 @ JAC 13,15,7.5,-7.5
2728,ARI 14 @ ATL 40,15,10,-10
2729,DET 13 @ BUF 14,15,2.5,-2.5
2730,GB 17 @ CHI 24,15,6,-6
2731,TB 12 @ BAL 20,15,8.5,-8.5
2732,SEA 23 @ SF 26,15,-3.5,3.5
2733,NE 10 @ PIT 17,15,-2.5,2.5
2734,PHI 30 @ LAR 23,15,13.5,-13.5
2735,NO 12 @ CAR 9,15,-6,6
2736,DEN 25 @ IND 13,15,-3,3
2737,CHI 10 @ DET 20,15,5,-5
2738,LAC 13 @ KC 30,15,1,-1
2739,BAL 27 @ CLE 10,15,-6.5,6.5
2740,HOU 7 @ JAC 45,15,10.5,-10.5
2741,CIN 7 @ MIN 34,15,12.5,-12.5
2742,NYJ 19 @ NO 31,15,16.5,-16.5
2743,PHI 34 @ NYG 29,15,-7.5,7.5
2744,ARI 15 @ WAS 20,15,4,-4
2745,MIA 16 @ BUF 24,15,3.5,-3.5
2746,GB 24 @ CAR 31,15,3,-3
2747,LAR 42 @ SEA 7,15,-1,1
2748,TEN 23 @ SF 25,15,2.5,-2.5
2749,NE 27 @ PIT 24,15,-2.5,2.5
2750,DAL 20 @ OAK 17,15,-3,3
2751,ATL 24 @ TB 21,15,-7,7
2752,LA 3 @ SEA 24,15,15,-15
2753,MIA 34 @ NYJ 13,15,-2.5,2.5
2754,GB 30 @ CHI 27,15,-4.5,4.5
2755,TEN 19 @ KC 17,15,6,-6
2756,DET 6 @ NYG 17,15,4,-4
2757,CLE 13 @ BUF 33,15,10.5,-10.5
2758,IND 34 @ MIN 6,15,5,-5
2759,PHI 26 @ BAL 27,15,5,-5
2760,TB 20 @ DAL 26,15,7,-7
2761,JAC 20 @ HOU 21,15,3.5,-3.5
2762,NO 48 @ ARI 41,15,3,-3
2763,SF 13 @ ATL 41,15,13.5,-13.5
2764,NE 16 @ DEN 3,15,-3,3
2765,OAK 19 @ SD 16,15,-2.5,2.5
2766,PIT 24 @ CIN 20,15,-3,3
2767,CAR 26 @ WAS 15,15,7,-7
2768,TB 23 @ STL 31,15,1,-1
2769,NYJ 19 @ DAL 16,15,-3,3
2770,CAR 38 @ NYG 35,15,-4.5,4.5
2771,TEN 16 @ NE 33,15,14.5,-14.5
2772,KC 34 @ BAL 14,15,-6.5,6.5
2773,ATL 23 @ JAC 17,15,2,-2
2774,CHI 17 @ MIN 38,15,4,-4
2775,HOU 16 @ IND 10,15,2.5,-2.5
2776,ARI 40 @ PHI 17,15,-3.5,3.5
2777,BUF 25 @ WAS 35,15,-2.5,2.5
2778,CLE 13 @ SEA 30,15,14.5,-14.5
2779,GB 30 @ OAK 20,15,-4,4
2780,DEN 27 @ PIT 34,15,7.5,-7.5
2781,MIA 14 @ SD 30,15,1,-1
2782,CIN 24 @ SF 14,15,-7,7
2783,DET 35 @ NO 27,15,2.5,-2.5
2784,ARI 12 @ STL 6,15,6,-6
2785,PIT 27 @ ATL 20,15,-3,3
2786,WAS 13 @ NYG 24,15,7,-7
2787,MIA 13 @ NE 41,15,9.5,-9.5
2788,OAK 13 @ KC 31,15,11,-11
2789,HOU 10 @ IND 17,15,7,-7
2790,JAC 12 @ BAL 20,15,14,-14
2791,GB 13 @ BUF 21,15,-3.5,3.5
2792,TB 17 @ CAR 19,15,3.5,-3.5
2793,CIN 30 @ CLE 0,15,2.5,-2.5
2794,MIN 14 @ DET 16,15,8,-8
2795,NYJ 16 @ TEN 11,15,-3.5,3.5
2796,DEN 22 @ SD 10,15,-4,4
2797,SF 7 @ SEA 17,15,10,-10
2798,DAL 38 @ PHI 27,15,3.5,-3.5
2799,NO 31 @ CHI 15,15,-3,3
2800,SD 27 @ DEN 20,15,10,-10
2801,WAS 26 @ ATL 27,15,5.5,-5.5
2802,ARI 37 @ TEN 34,15,-3,3
2803,SF 33 @ TB 14,15,-4.5,4.5
2804,NO 16 @ STL 27,15,-6.5,6.5
2805,SEA 23 @ NYG 0,15,-9.5,9.5
2806,CHI 38 @ CLE 31,15,1,-1
2807,HOU 3 @ IND 25,15,6,-6
2808,BUF 27 @ JAC 20,15,-4,4
2809,NE 20 @ MIA 24,15,2.5,-2.5
2810,PHI 30 @ MIN 48,15,-6.5,6.5
2811,KC 56 @ OAK 31,15,-6.5,6.5
2812,NYJ 20 @ CAR 30,15,10,-10
2813,GB 37 @ DAL 36,15,4,-4
2814,CIN 20 @ PIT 30,15,-2,2
2815,BAL 18 @ DET 16,15,4.5,-4.5
2816,CIN 34 @ PHI 13,15,-4.5,4.5
2817,NYG 0 @ ATL 34,15,1,-1
2818,MIN 36 @ STL 22,15,1,-1
2819,TB 0 @ NO 41,15,3.5,-3.5
2820,JAC 3 @ MIA 24,15,7.5,-7.5
2821,IND 17 @ HOU 29,15,10.5,-10.5
2822,WAS 38 @ CLE 21,15,4,-4
2823,GB 21 @ CHI 13,15,-3,3
2824,DEN 34 @ BAL 17,15,-3,3
2825,CAR 31 @ SD 7,15,3,-3
2826,SEA 50 @ BUF 17,15,-4.5,4.5
2827,DET 10 @ ARI 38,15,-5.5,5.5
2828,KC 0 @ OAK 15,15,4.5,-4.5
2829,PIT 24 @ DAL 27,15,-1,1
2830,SF 41 @ NE 34,15,4,-4
2831,NYJ 10 @ TEN 14,15,1,-1
2832,JAC 14 @ ATL 41,15,13.5,-13.5
2833,DAL 31 @ TB 15,15,-7,7
2834,CIN 20 @ STL 13,15,-7,7
2835,MIA 30 @ BUF 23,15,-1,1
2836,WAS 23 @ NYG 10,15,5.5,-5.5
2837,TEN 13 @ IND 27,15,-6.5,6.5
2838,SEA 38 @ CHI 14,15,3.5,-3.5
2839,GB 14 @ KC 19,15,-11,11
2840,CAR 28 @ HOU 13,15,4.5,-4.5
2841,NO 42 @ MIN 20,15,-7,7
2842,DET 28 @ OAK 27,15,-1,1
2843,CLE 17 @ ARI 20,15,6,-6
2844,NYJ 19 @ PHI 45,15,3,-3
2845,NE 41 @ DEN 23,15,-7,7
2846,BAL 14 @ SD 34,15,-1,1
2847,PIT 3 @ SF 20,15,3,-3
2848,SF 7 @ SD 34,15,10,-10
2849,KC 27 @ STL 13,15,3,-3
2850,HOU 17 @ TEN 31,15,2,-2
2851,JAC 24 @ IND 34,15,4,-4
2852,ARI 12 @ CAR 19,15,3,-3
2853,CLE 17 @ CIN 19,15,0,0
2854,BUF 17 @ MIA 14,15,6,-6
2855,PHI 38 @ NYG 31,15,3,-3
2856,WAS 30 @ DAL 33,15,10,-10
2857,DET 23 @ TB 20,15,4,-4
2858,NO 24 @ BAL 30,15,2,-2
2859,ATL 34 @ SEA 18,15,-6,6
2860,NYJ 22 @ PIT 17,15,3,-3
2861,DEN 23 @ OAK 39,15,7,-7
2862,GB 27 @ NE 31,15,14,-14
2863,CHI 40 @ MIN 14,15,-6,6
2864,IND 35 @ JAC 31,15,-3,3
2865,DAL 24 @ NO 17,15,7,-7
2866,MIA 24 @ TEN 27,15,5,-5
2867,NE 17 @ BUF 10,15,-7,7
2868,ARI 31 @ DET 24,15,-14,14
2869,ATL 10 @ NYJ 7,15,5,-5
2870,CLE 41 @ KC 34,15,3,-3
2871,HOU 16 @ STL 13,15,-14,14
2872,CIN 24 @ SD 27,15,7,-7
2873,OAK 20 @ DEN 19,15,14,-14
2874,GB 36 @ PIT 37,15,3,-3
2875,SF 13 @ PHI 27,15,7,-7
2876,CHI 7 @ BAL 31,15,11,-11
2877,TB 24 @ SEA 7,15,7,-7
2878,MIN 7 @ CAR 26,15,-9,9
2879,NYG 45 @ WAS 12,15,-3,3
2880,NO 24 @ CHI 27,15,3,-3
2881,GB 16 @ JAC 20,15,-3,3
2882,DET 21 @ IND 31,15,17,-17
2883,WAS 13 @ CIN 20,15,-7,7
2884,TB 10 @ ATL 13,15,6,-6
2885,SF 9 @ MIA 14,15,6,-6
2886,SEA 23 @ STL 20,15,-2,2
2887,BUF 27 @ NYJ 31,15,8,-8
2888,TEN 12 @ HOU 13,15,-3,3
2889,SD 22 @ KC 21,15,-6,6
2890,MIN 35 @ ARI 14,15,5,-5
2891,PIT 13 @ BAL 9,15,3,-3
2892,DEN 10 @ CAR 30,15,7,-7
2893,NE 49 @ OAK 26,15,-7,7
2894,NYG 8 @ DAL 20,15,3,-3
2895,CLE 10 @ PHI 30,15,15,-15
2896,DEN 13 @ HOU 31,15,-3,3
2897,CIN 13 @ SF 20,15,-9,9
2898,ARI 24 @ NO 31,15,4,-4
2899,ATL 3 @ TB 37,15,13,-13
2900,BAL 16 @ MIA 22,15,-3,3
2901,BUF 0 @ CLE 8,15,4,-4
2902,GB 33 @ STL 14,15,-7,7
2903,JAC 29 @ PIT 22,15,3,-3
2904,NYJ 10 @ NE 20,15,21,-21
2905,SEA 10 @ CAR 13,15,-7,7
2906,TEN 26 @ KC 17,15,-4,4
2907,IND 21 @ OAK 14,15,-10,10
2908,DET 14 @ SD 51,15,10,-10
2909,PHI 10 @ DAL 6,15,10,-10
2910,WAS 22 @ NYG 10,15,6,-6
2911,CHI 13 @ MIN 20,15,11,-11
2912,BAL 31 @ CLE 15,16,-9.5,9.5
2913,BUF 17 @ NE 24,16,7,-7
2914,CAR 6 @ IND 38,16,7.5,-7.5
2915,CIN 35 @ MIA 38,16,-1.5,1.5
2916,DET 17 @ DEN 27,16,9.5,-9.5
2917,HOU 23 @ TB 20,16,-3,3
2918,JAC 12 @ ATL 24,16,7.5,-7.5
2919,LAR 31 @ SF 34,16,7,-7
2920,NO 38 @ TEN 28,16,-3.5,3.5
2921,NYG 41 @ WAS 35,16,-1,1
2922,OAK 24 @ LAC 17,16,7.5,-7.5
2923,PIT 10 @ NYJ 16,16,-3,3
2924,ARI 27 @ SEA 13,16,8,-8
2925,DAL 9 @ PHI 17,16,-2,2
2926,KC 26 @ CHI 3,16,-6.5,6.5
2927,GB 23 @ MIN 10,16,4,-4
2928,WAS 16 @ TEN 25,16,12.5,-12.5
2929,BAL 22 @ LAC 10,16,4,-4
2930,JAC 17 @ MIA 7,16,3,-3
2931,NYG 27 @ IND 28,16,10,-10
2932,ATL 24 @ CAR 10,16,-2.5,2.5
2933,BUF 12 @ NE 24,16,14,-14
2934,CIN 18 @ CLE 26,16,10,-10
2935,GB 44 @ NYJ 38,16,-3,3
2936,HOU 30 @ PHI 32,16,1,-1
2937,MIN 27 @ DET 9,16,-6.5,6.5
2938,TB 20 @ DAL 27,16,7,-7
2939,CHI 14 @ SF 9,16,-3.5,3.5
2940,LAR 31 @ ARI 9,16,-14.5,14.5
2941,PIT 28 @ NO 31,16,6.5,-6.5
2942,KC 31 @ SEA 38,16,-1,1
2943,DEN 14 @ OAK 27,16,-2.5,2.5
2944,IND 16 @ BAL 23,16,13.5,-13.5
2945,MIN 16 @ GB 0,16,-8.5,8.5
2946,MIA 13 @ KC 29,16,11,-11
2947,BUF 16 @ NE 37,16,11,-11
2948,ATL 13 @ NO 23,16,5.5,-5.5
2949,LAC 14 @ NYJ 7,16,-7.5,7.5
2950,LAR 27 @ TEN 23,16,-5.5,5.5
2951,DEN 11 @ WAS 27,16,3,-3
2952,TB 19 @ CAR 22,16,10,-10
2953,CLE 3 @ CHI 20,16,5.5,-5.5
2954,DET 17 @ CIN 26,16,-3,3
2955,JAC 33 @ SF 44,16,-4,4
2956,NYG 0 @ ARI 23,16,3,-3
2957,SEA 21 @ DAL 12,16,4.5,-4.5
2958,PIT 34 @ HOU 6,16,-8,8
2959,OAK 10 @ PHI 19,16,10,-10
2960,NYG 19 @ PHI 24,16,2,-2
2961,MIA 34 @ BUF 31,16,4.5,-4.5
2962,TB 24 @ NO 31,16,3,-3
2963,NYJ 3 @ NE 41,16,17,-17
2964,TEN 17 @ JAC 38,16,-4,4
2965,MIN 25 @ GB 38,16,6,-6
2966,SD 17 @ CLE 20,16,-4.5,4.5
2967,WAS 41 @ CHI 21,16,-3,3
2968,ATL 33 @ CAR 16,16,-3,3
2969,IND 25 @ OAK 33,16,3.5,-3.5
2970,ARI 34 @ SEA 31,16,9,-9
2971,SF 22 @ LA 21,16,6,-6
2972,CIN 10 @ HOU 12,16,3,-3
2973,BAL 27 @ PIT 31,16,5.5,-5.5
2974,DEN 10 @ KC 33,16,3.5,-3.5
2975,DET 21 @ DAL 42,16,6.5,-6.5
2976,SD 23 @ OAK 20,16,4,-4
2977,WAS 38 @ PHI 24,16,3.5,-3.5
2978,SF 17 @ DET 32,16,8.5,-8.5
2979,CLE 13 @ KC 17,16,11.5,-11.5
2980,HOU 34 @ TEN 6,16,-3.5,3.5
2981,JAC 27 @ NO 38,16,2.5,-2.5
2982,NE 20 @ NYJ 26,16,-2.5,2.5
2983,CAR 13 @ ATL 20,16,-7,7
2984,CHI 26 @ TB 21,16,3,-3
2985,DAL 6 @ BUF 16,16,6.5,-6.5
2986,NYG 17 @ MIN 49,16,7,-7
2987,IND 18 @ MIA 12,16,2.5,-2.5
2988,STL 23 @ SEA 17,16,11,-11
2989,GB 8 @ ARI 38,16,6,-6
2990,PIT 17 @ BAL 20,16,-11,11
2991,CIN 17 @ DEN 20,16,3.5,-3.5
2992,TEN 13 @ JAC 21,16,4,-4
2993,SD 38 @ SF 35,16,2,-2
2994,PHI 24 @ WAS 27,16,-7,7
2995,MIN 35 @ MIA 37,16,4.5,-4.5
2996,BAL 13 @ HOU 25,16,-6,6
2997,DET 20 @ CHI 14,16,-10,10
2998,CLE 13 @ CAR 17,16,6,-6
2999,ATL 30 @ NO 14,16,6,-6
3000,GB 20 @ TB 3,16,-11.5,11.5
3001,KC 12 @ PIT 20,16,2.5,-2.5
3002,NE 17 @ NYJ 16,16,-10,10
3003,NYG 37 @ STL 27,16,7,-7
3004,BUF 24 @ OAK 26,16,-7,7
3005,IND 7 @ DAL 42,16,3.5,-3.5
3006,SEA 35 @ ARI 6,16,-9.5,9.5
3007,DEN 28 @ CIN 37,16,-3.5,3.5
3008,MIA 0 @ BUF 19,16,1,-1
3009,NO 13 @ CAR 17,16,3.5,-3.5
3010,DAL 24 @ WAS 23,16,-3,3
3011,TB 13 @ STL 23,16,3.5,-3.5
3012,CHI 11 @ PHI 54,16,2.5,-2.5
3013,CLE 13 @ NYJ 24,16,2.5,-2.5
3014,IND 23 @ KC 7,16,7.5,-7.5
3015,MIN 14 @ CIN 42,16,7.5,-7.5
3016,DEN 37 @ HOU 13,16,-9,9
3017,TEN 20 @ JAC 16,16,-4,4
3018,ARI 17 @ SEA 10,16,8,-8
3019,NYG 23 @ DET 20,16,9.5,-9.5
3020,OAK 13 @ SD 26,16,10,-10
3021,PIT 38 @ GB 31,16,-1,1
3022,NE 41 @ BAL 7,16,-1,1
3023,ATL 24 @ SF 34,16,15.5,-15.5
3024,ATL 31 @ DET 18,16,-3.5,3.5
3025,NYG 14 @ BAL 33,16,-1,1
3026,STL 28 @ TB 13,16,3,-3
3027,CIN 13 @ PIT 10,16,3.5,-3.5
3028,WAS 27 @ PHI 20,16,-4,4
3029,OAK 6 @ CAR 17,16,9.5,-9.5
3030,NO 34 @ DAL 31,16,1,-1
3031,TEN 7 @ GB 55,16,11,-11
3032,MIN 23 @ HOU 6,16,7.5,-7.5
3033,NE 23 @ JAC 16,16,-14,14
3034,IND 20 @ KC 13,16,-4.5,4.5
3035,BUF 10 @ MIA 24,16,5,-5
3036,CLE 12 @ DEN 34,16,11,-11
3037,CHI 28 @ ARI 13,16,-7,7
3038,SF 13 @ SEA 42,16,2.5,-2.5
3039,SD 27 @ NYJ 17,16,3,-3
3040,HOU 16 @ IND 19,16,-7,7
3041,MIA 24 @ NE 27,16,7.5,-7.5
3042,CLE 14 @ BAL 20,16,10.5,-10.5
3043,ARI 16 @ CIN 23,16,3.5,-3.5
3044,MIN 33 @ WAS 26,16,6,-6
3045,DEN 14 @ BUF 40,16,-3,3
3046,STL 0 @ PIT 27,16,10,-10
3047,NYG 29 @ NYJ 14,16,1.5,-1.5
3048,TB 16 @ CAR 48,16,9,-9
3049,JAC 17 @ TEN 23,16,8.5,-8.5
3050,OAK 16 @ KC 13,16,3,-3
3051,SD 10 @ DET 38,16,-1,1
3052,PHI 20 @ DAL 7,16,-1.5,1.5
3053,SF 19 @ SEA 17,16,-1.5,1.5
3054,CHI 21 @ GB 35,16,13,-13
3055,ATL 16 @ NO 45,16,7,-7
3056,CAR 3 @ PIT 27,16,14,-14
3057,DAL 26 @ ARI 27,16,-7,7
3058,DET 34 @ MIA 27,16,4,-4
3059,WAS 20 @ JAC 17,16,7,-7
3060,SF 17 @ STL 25,16,3,-3
3061,NE 34 @ BUF 3,16,-7,7
3062,NYJ 34 @ CHI 38,16,3,-3
3063,BAL 20 @ CLE 10,16,-3,3
3064,TEN 14 @ KC 34,16,4,-4
3065,IND 31 @ OAK 26,16,-3,3
3066,HOU 23 @ DEN 24,16,-2,2
3067,SD 20 @ CIN 34,16,-8,8
3068,SEA 15 @ TB 38,16,6,-6
3069,NYG 17 @ GB 45,16,3,-3
3070,NO 17 @ ATL 14,16,2,-2
3071,MIN 24 @ PHI 14,16,15,-15
3072,SD 42 @ TEN 17,16,2,-2
3073,SEA 10 @ GB 48,16,14,-14
3074,OAK 9 @ CLE 23,16,3,-3
3075,KC 10 @ CIN 17,16,14,-14
3076,BUF 3 @ ATL 31,16,8,-8
3077,HOU 27 @ MIA 20,16,2,-2
3078,CAR 41 @ NYG 9,16,8,-8
3079,TB 20 @ NO 17,16,14,-14
3080,JAC 7 @ NE 35,16,9,-9
3081,BAL 20 @ PIT 23,16,3,-3
3082,STL 10 @ ARI 31,16,17,-17
3083,DET 6 @ SF 20,16,15,-15
3084,DEN 27 @ PHI 30,16,7,-7
3085,NYJ 29 @ IND 15,16,3,-3
3086,DAL 17 @ WAS 0,16,-7,7
3087,MIN 30 @ CHI 36,16,-8,8
3088,IND 31 @ JAC 24,16,-5,5
3089,BAL 33 @ DAL 24,16,6,-6
3090,PIT 14 @ TEN 31,16,-3,3
3091,MIA 38 @ KC 31,16,-3,3
3092,ARI 7 @ NE 47,16,8,-8
3093,CIN 14 @ CLE 0,16,3,-3
3094,SF 17 @ STL 16,16,-3,3
3095,NO 42 @ DET 7,16,-7,7
3096,SD 41 @ TB 24,16,5,-5
3097,NYJ 3 @ SEA 13,16,-4,4
3098,HOU 16 @ OAK 27,16,-7,7
3099,BUF 30 @ DEN 23,16,7,-7
3100,PHI 3 @ WAS 10,16,-6,6
3101,ATL 24 @ MIN 17,16,3,-3
3102,CAR 28 @ NYG 34,16,4,-4
3103,GB 17 @ CHI 20,16,4,-4
3104,PIT 41 @ STL 24,16,-8,8
3105,DAL 20 @ CAR 13,16,-11,11
3106,CLE 14 @ CIN 19,16,-2,2
3107,GB 7 @ CHI 35,16,-8,8
3108,HOU 15 @ IND 38,16,7,-7
3109,KC 20 @ DET 25,16,6,-6
3110,NYG 38 @ BUF 21,16,-2,2
3111,OAK 11 @ JAC 49,16,14,-14
3112,PHI 38 @ NO 23,16,3,-3
3113,ATL 27 @ ARI 30,16,11,-11
3114,TB 19 @ SF 21,16,-7,7
3115,MIA 7 @ NE 28,16,23,-23
3116,BAL 6 @ SEA 27,16,13,-13
3117,NYJ 6 @ TEN 10,16,8,-8
3118,WAS 32 @ MIN 21,16,6,-6
3119,DEN 3 @ SD 23,16,9,-9
3120,ATL 28 @ TB 22,17,1,-1
3121,CHI 21 @ MIN 19,17,-5.5,5.5
3122,CLE 23 @ CIN 33,17,-2.5,2.5
3123,GB 23 @ DET 20,17,-13.5,13.5
3124,IND 20 @ JAC 38,17,-5,5
3125,LAC 21 @ KC 31,17,10,-10
3126,MIA 27 @ NE 24,17,17.5,-17.5
3127,NO 42 @ CAR 10,17,-13.5,13.5
3128,NYJ 13 @ BUF 6,17,-1.5,1.5
3129,PHI 34 @ NYG 17,17,-4,4
3130,PIT 10 @ BAL 28,17,-2,2
3131,TEN 35 @ HOU 14,17,-10,10
3132,WAS 16 @ DAL 47,17,13,-13
3133,ARI 24 @ LAR 31,17,7,-7
3134,OAK 15 @ DEN 16,17,5.5,-5.5
3135,SF 26 @ SEA 21,17,-3.5,3.5
3136,CLE 24 @ BAL 26,17,7,-7
3137,MIA 17 @ BUF 42,17,5.5,-5.5
3138,DET 31 @ GB 0,17,7.5,-7.5
3139,JAC 3 @ HOU 20,17,7,-7
3140,OAK 3 @ KC 35,17,14.5,-14.5
3141,CHI 24 @ MIN 10,17,6,-6
3142,NYJ 3 @ NE 38,17,14,-14
3143,CAR 33 @ NO 14,17,8,-8
3144,DAL 36 @ NYG 35,17,7.5,-7.5
3145,CIN 13 @ PIT 16,17,14,-14
3146,ATL 34 @ TB 32,17,-2.5,2.5
3147,IND 33 @ TEN 17,17,-5,5
3148,PHI 24 @ WAS 0,17,-6,6
3149,LAC 23 @ DEN 9,17,-7,7
3150,SF 32 @ LAR 48,17,10.5,-10.5
3151,ARI 24 @ SEA 27,17,15.5,-15.5
3152,BUF 22 @ MIA 16,17,-2.5,2.5
3153,CHI 10 @ MIN 23,17,13.5,-13.5
3154,NYJ 6 @ NE 26,17,17,-17
3155,WAS 10 @ NYG 18,17,-5,5
3156,CIN 31 @ BAL 27,17,8,-8
3157,CLE 24 @ PIT 28,17,5,-5
3158,NO 24 @ TB 31,17,-6,6
3159,JAC 10 @ TEN 15,17,2.5,-2.5
3160,CAR 10 @ ATL 22,17,5,-5
3161,GB 11 @ DET 35,17,7.5,-7.5
3162,HOU 13 @ IND 22,17,5.5,-5.5
3163,DAL 6 @ PHI 0,17,-3.5,3.5
3164,ARI 26 @ SEA 24,17,8,-8
3165,KC 27 @ DEN 24,17,3,-3
3166,SF 34 @ LAR 13,17,-6.5,6.5
3167,OAK 10 @ LAC 30,17,7,-7
3168,NO 32 @ ATL 38,17,7.5,-7.5
3169,CHI 10 @ MIN 38,17,6,-6
3170,JAC 20 @ IND 24,17,5.5,-5.5
3171,DAL 13 @ PHI 27,17,6.5,-6.5
3172,GB 31 @ DET 24,17,-3.5,3.5
3173,NE 35 @ MIA 14,17,-7.5,7.5
3174,BUF 10 @ NYJ 30,17,-3.5,3.5
3175,CAR 16 @ TB 17,17,3.5,-3.5
3176,NYG 19 @ WAS 10,17,10,-10
3177,HOU 17 @ TEN 24,17,3,-3
3178,BAL 10 @ CIN 27,17,-2.5,2.5
3179,CLE 24 @ PIT 27,17,3.5,-3.5
3180,KC 37 @ SD 27,17,-5.5,5.5
3181,OAK 6 @ DEN 24,17,1,-1
3182,SEA 25 @ SF 23,17,-11.5,11.5
3183,ARI 44 @ LA 6,17,-7,7
3184,NO 20 @ ATL 17,17,6,-6
3185,NYJ 17 @ BUF 22,17,-2.5,2.5
3186,WAS 34 @ DAL 23,17,3,-3
3187,TEN 24 @ IND 30,17,3.5,-3.5
3188,TB 10 @ CAR 38,17,10,-10
3189,DET 24 @ CHI 20,17,-2.5,2.5
3190,PIT 28 @ CLE 12,17,-13,13
3191,MIN 20 @ GB 13,17,3,-3
3192,OAK 17 @ KC 23,17,6.5,-6.5
3193,NE 10 @ MIA 20,17,-10,10
3194,PHI 35 @ NYG 30,17,4,-4
3195,BAL 16 @ CIN 24,17,10,-10
3196,JAC 6 @ HOU 30,17,5,-5
3197,SEA 36 @ ARI 6,17,6,-6
3198,SD 20 @ DEN 27,17,10,-10
3199,STL 16 @ SF 19,17,-3,3
3200,CAR 34 @ ATL 3,17,2.5,-2.5
3201,CLE 10 @ BAL 20,17,14,-14
3202,DAL 44 @ WAS 17,17,-6,6
3203,IND 27 @ TEN 10,17,-7.5,7.5
3204,DET 20 @ GB 30,17,9,-9
3205,JAC 17 @ HOU 23,17,8.5,-8.5
3206,SD 7 @ KC 19,17,3,-3
3207,NYJ 37 @ MIA 24,17,7,-7
3208,CHI 9 @ MIN 13,17,7,-7
3209,BUF 17 @ NE 9,17,4.5,-4.5
3210,PHI 34 @ NYG 26,17,-1,1
3211,CIN 17 @ PIT 27,17,3,-3
3212,NO 23 @ TB 20,17,-6,6
3213,OAK 14 @ DEN 47,17,16.5,-16.5
3214,ARI 17 @ SF 20,17,6,-6
3215,STL 6 @ SEA 20,17,11,-11
3216,CAR 21 @ ATL 20,17,-5.5,5.5
3217,GB 33 @ CHI 28,17,-3,3
3218,HOU 10 @ TEN 16,17,7,-7
3219,CLE 7 @ PIT 20,17,9.5,-9.5
3220,WAS 6 @ NYG 20,17,3.5,-3.5
3221,BAL 17 @ CIN 34,17,6.5,-6.5
3222,PHI 24 @ DAL 22,17,-7.5,7.5
3223,JAC 10 @ IND 30,17,11,-11
3224,NYJ 20 @ MIA 7,17,7.5,-7.5
3225,DET 13 @ MIN 14,17,-2.5,2.5
3226,BUF 20 @ NE 34,17,7.5,-7.5
3227,TB 17 @ NO 42,17,11,-11
3228,DEN 14 @ OAK 34,17,-10,10
3229,SF 23 @ ARI 20,17,3,-3
3230,KC 24 @ SD 27,17,15.5,-15.5
3231,STL 9 @ SEA 27,17,13,-13
3232,TB 22 @ ATL 17,17,3.5,-3.5
3233,NYJ 9 @ BUF 28,17,3.5,-3.5
3234,DAL 18 @ WAS 28,17,3.5,-3.5
3235,JAC 20 @ TEN 38,17,4,-4
3236,CLE 10 @ PIT 24,17,11,-11
3237,BAL 17 @ CIN 23,17,1,-1
3238,CHI 26 @ DET 24,17,-3.5,3.5
3239,HOU 16 @ IND 28,17,-7,7
3240,GB 34 @ MIN 37,17,-3.5,3.5
3241,MIA 0 @ NE 28,17,10,-10
3242,CAR 44 @ NO 38,17,5,-5
3243,PHI 7 @ NYG 42,17,7,-7
3244,OAK 21 @ SD 24,17,10,-10
3245,KC 3 @ DEN 38,17,16,-16
3246,ARI 13 @ SF 27,17,16.5,-16.5
3247,STL 13 @ SEA 20,17,10.5,-10.5
3248,WAS 10 @ PHI 34,17,7,-7
3249,NYJ 17 @ MIA 19,17,1.5,-1.5
3250,CAR 17 @ NO 45,17,7,-7
3251,DET 41 @ GB 45,17,-6.5,6.5
3252,SF 34 @ STL 27,17,-12.5,12.5
3253,IND 19 @ JAC 13,17,3,-3
3254,BUF 21 @ NE 49,17,10,-10
3255,TEN 23 @ HOU 22,17,-1,1
3256,CHI 17 @ MIN 13,17,1.5,-1.5
3257,PIT 13 @ CLE 9,17,-7,7
3258,BAL 24 @ CIN 16,17,-2.5,2.5
3259,TB 24 @ ATL 45,17,9.5,-9.5
3260,KC 7 @ DEN 3,17,1,-1
3261,SD 38 @ OAK 26,17,2.5,-2.5
3262,SEA 20 @ ARI 23,17,2.5,-2.5
3263,DAL 14 @ NYG 31,17,3,-3
3264,OAK 31 @ KC 10,17,5,-5
3265,MIA 7 @ NE 38,17,4,-4
3266,PIT 41 @ CLE 9,17,-6,6
3267,CIN 7 @ BAL 13,17,10,-10
3268,MIN 13 @ DET 20,17,4,-4
3269,BUF 7 @ NYJ 38,17,0,0
3270,CAR 10 @ ATL 31,17,14,-14
3271,TB 23 @ NO 13,17,7,-7
3272,TEN 20 @ IND 23,17,9,-9
3273,JAC 17 @ HOU 34,17,4,-4
3274,NYG 17 @ WAS 14,17,-4,4
3275,CHI 3 @ GB 10,17,12,-12
3276,DAL 14 @ PHI 13,17,-2,2
3277,ARI 7 @ SF 38,17,6,-6
3278,SD 33 @ DEN 28,17,-6,6
3279,STL 6 @ SEA 16,17,-3,3
3280,IND 7 @ BUF 30,17,8,-8
3281,NO 10 @ CAR 23,17,10,-10
3282,JAC 17 @ CLE 23,17,2,-2
3283,CHI 37 @ DET 23,17,-5,5
3284,NE 27 @ HOU 34,17,9,-9
3285,PIT 30 @ MIA 24,17,-3,3
3286,NYG 7 @ MIN 44,17,9,-9
3287,SF 28 @ STL 6,17,-7,7
3288,ATL 20 @ TB 10,17,-3,3
3289,PHI 0 @ DAL 24,17,3,-3
3290,GB 33 @ ARI 7,17,3,-3
3291,KC 44 @ DEN 24,17,9,-9
3292,BAL 21 @ OAK 13,17,-10,10
3293,WAS 20 @ SD 23,17,3,-3
3294,TEN 17 @ SEA 13,17,-6,6
3295,CIN 0 @ NYJ 37,17,10,-10
3296,OAK 31 @ TB 24,17,11,-11
3297,DET 21 @ GB 31,17,11,-11
3298,NYG 19 @ MIN 20,17,7,-7
3299,CHI 24 @ HOU 31,17,3,-3
3300,CAR 33 @ NO 31,17,-2,2
3301,STL 27 @ ATL 31,17,14,-14
3302,KC 6 @ CIN 16,17,1,-1
3303,TEN 0 @ IND 23,17,-3,3
3304,CLE 0 @ PIT 31,17,12,-12
3305,NE 13 @ BUF 0,17,-6,6
3306,DAL 6 @ PHI 44,17,3,-3
3307,JAC 7 @ BAL 27,17,11,-11
3308,MIA 24 @ NYJ 17,17,3,-3
3309,SEA 21 @ ARI 34,17,7,-7
3310,WAS 24 @ SF 27,17,3,-3
3311,DEN 21 @ SD 52,17,7,-7
3312,NE 38 @ NYG 35,17,-13,13
3313,BUF 9 @ PHI 17,17,9,-9
3314,CAR 31 @ TB 23,17,-3,3
3315,CIN 38 @ MIA 25,17,-3,3
3316,DET 13 @ GB 34,17,3,-3
3317,JAC 28 @ HOU 42,17,7,-7
3318,NO 25 @ CHI 33,17,1,-1
3319,SEA 41 @ ATL 44,17,-2,2
3320,SF 7 @ CLE 20,17,12,-12
3321,DAL 6 @ WAS 27,17,9,-9
3322,PIT 21 @ BAL 27,17,-3,3
3323,MIN 19 @ DEN 22,17,-3,3
3324,SD 30 @ OAK 17,17,-9,9
3325,STL 19 @ ARI 48,17,6,-6
3326,KC 10 @ NYJ 13,17,5,-5
3327,TEN 16 @ IND 10,17,-5,5
