,Away Team,Home Team,Week,Year,Road Closing Spread,Home Closing Spread
0,GB,CHI,1,2019,3.5,-3.5
1,ATL,MIN,1,2019,3.5,-3.5
2,BAL,MIA,1,2019,-7,7
3,BUF,NYJ,1,2019,2.5,-2.5
4,KC,JAC,1,2019,-3.5,3.5
5,LAR,CAR,1,2019,-1.5,1.5
6,TEN,CLE,1,2019,5.5,-5.5
7,WAS,PHI,1,2019,10.5,-10.5
8,CIN,SEA,1,2019,9.5,-9.5
9,IND,LAC,1,2019,6,-6
10,DET,ARI,1,2019,-2.5,2.5
11,NYG,DAL,1,2019,7,-7
12,SF,TB,1,2019,1,-1
13,PIT,NE,1,2019,5.5,-5.5
14,HOU,NO,1,2019,6.5,-6.5
15,DEN,OAK,1,2019,-3,3
16,ATL,PHI,1,2018,1,-1
17,BUF,BAL,1,2018,7.5,-7.5
18,CIN,IND,1,2018,-1,1
19,HOU,NE,1,2018,6,-6
20,JAC,NYG,1,2018,-2.5,2.5
21,PIT,CLE,1,2018,-3.5,3.5
22,SF,MIN,1,2018,6,-6
23,TB,NO,1,2018,10,-10
24,TEN,MIA,1,2018,-1,1
25,KC,LAC,1,2018,3.5,-3.5
26,DAL,CAR,1,2018,2.5,-2.5
27,SEA,DEN,1,2018,3,-3
28,WAS,ARI,1,2018,2,-2
29,CHI,GB,1,2018,6.5,-6.5
30,NYJ,DET,1,2018,7,-7
31,LAR,OAK,1,2018,-6,6
32,KC,NE,1,2017,8,-8
33,JAC,HOU,1,2017,5.5,-5.5
34,NYJ,BUF,1,2017,7,-7
35,PHI,WAS,1,2017,-2,2
36,OAK,TEN,1,2017,2.5,-2.5
37,ATL,CHI,1,2017,-6.5,6.5
38,BAL,CIN,1,2017,2.5,-2.5
39,PIT,CLE,1,2017,-10,10
40,ARI,DET,1,2017,-2.5,2.5
41,IND,LAR,1,2017,3.5,-3.5
42,SEA,GB,1,2017,2.5,-2.5
43,CAR,SF,1,2017,-4.5,4.5
44,NYG,DAL,1,2017,6,-6
45,NO,MIN,1,2017,3,-3
46,LAC,DEN,1,2017,3,-3
47,TB,MIA,1,2017,-1,1
48,CAR,DEN,1,2016,-3,3
49,BUF,BAL,1,2016,3,-3
50,GB,JAC,1,2016,-3.5,3.5
51,SD,KC,1,2016,6.5,-6.5
52,OAK,NO,1,2016,2.5,-2.5
53,CHI,HOU,1,2016,5.5,-5.5
54,CLE,PHI,1,2016,3.5,-3.5
55,MIN,TEN,1,2016,-2.5,2.5
56,TB,ATL,1,2016,2.5,-2.5
57,CIN,NYJ,1,2016,1,-1
58,MIA,SEA,1,2016,10.5,-10.5
59,NYG,DAL,1,2016,1,-1
60,DET,IND,1,2016,2.5,-2.5
61,NE,ARI,1,2016,9,-9
62,PIT,WAS,1,2016,-2.5,2.5
63,LA,SF,1,2016,-2.5,2.5
64,PIT,NE,1,2015,7.5,-7.5
65,KC,HOU,1,2015,-1,1
66,IND,BUF,1,2015,-1,1
67,GB,CHI,1,2015,-5.5,5.5
68,CAR,JAC,1,2015,-3,3
69,CLE,NYJ,1,2015,3.5,-3.5
70,MIA,WAS,1,2015,-4,4
71,SEA,STL,1,2015,-3.5,3.5
72,DET,SD,1,2015,3.5,-3.5
73,NO,ARI,1,2015,2,-2
74,CIN,OAK,1,2015,-3,3
75,BAL,DEN,1,2015,4.5,-4.5
76,TEN,TB,1,2015,3,-3
77,NYG,DAL,1,2015,7,-7
78,PHI,ATL,1,2015,-3.5,3.5
79,MIN,SF,1,2015,-2.5,2.5
80,GB,SEA,1,2014,4.5,-4.5
81,NO,ATL,1,2014,-3,3
82,MIN,STL,1,2014,3,-3
83,CLE,PIT,1,2014,5.5,-5.5
84,JAC,PHI,1,2014,10,-10
85,OAK,NYJ,1,2014,6.5,-6.5
86,CIN,BAL,1,2014,2.5,-2.5
87,BUF,CHI,1,2014,7,-7
88,WAS,HOU,1,2014,3,-3
89,TEN,KC,1,2014,3,-3
90,NE,MIA,1,2014,-3.5,3.5
91,CAR,TB,1,2014,5.5,-5.5
92,SF,DAL,1,2014,-3.5,3.5
93,IND,DEN,1,2014,8,-8
94,NYG,DET,1,2014,6.5,-6.5
95,SD,ARI,1,2014,3,-3
96,BAL,DEN,1,2013,7.5,-7.5
97,NE,BUF,1,2013,-10,10
98,TEN,PIT,1,2013,6,-6
99,TB,NYJ,1,2013,-4,4
100,ATL,NO,1,2013,3.5,-3.5
101,KC,JAC,1,2013,-3.5,3.5
102,SEA,CAR,1,2013,-3,3
103,CIN,CHI,1,2013,3,-3
104,MIA,CLE,1,2013,2.5,-2.5
105,MIN,DET,1,2013,4,-4
106,OAK,IND,1,2013,11,-11
107,ARI,STL,1,2013,3.5,-3.5
108,GB,SF,1,2013,5,-5
109,NYG,DAL,1,2013,3.5,-3.5
110,PHI,WAS,1,2013,4,-4
111,HOU,SD,1,2013,-5,5
112,DAL,NYG,1,2012,3.5,-3.5
113,IND,CHI,1,2012,10,-10
114,NE,TEN,1,2012,-5,5
115,BUF,NYJ,1,2012,3,-3
116,WAS,NO,1,2012,8.5,-8.5
117,JAC,MIN,1,2012,3.5,-3.5
118,ATL,KC,1,2012,-2.5,2.5
119,PHI,CLE,1,2012,-8.5,8.5
120,STL,DET,1,2012,9,-9
121,MIA,HOU,1,2012,13,-13
122,SF,GB,1,2012,6,-6
123,SEA,ARI,1,2012,-2.5,2.5
124,CAR,TB,1,2012,-3,3
125,PIT,DEN,1,2012,2.5,-2.5
126,CIN,BAL,1,2012,7,-7
127,SD,OAK,1,2012,1,-1
128,NO,GB,1,2011,5,-5
129,PIT,BAL,1,2011,1,-1
130,DET,TB,1,2011,1,-1
131,ATL,CHI,1,2011,-2,2
132,BUF,KC,1,2011,4,-4
133,IND,HOU,1,2011,9,-9
134,PHI,STL,1,2011,-4,4
135,CIN,CLE,1,2011,7,-7
136,TEN,JAC,1,2011,-1,1
137,NYG,WAS,1,2011,-1,1
138,CAR,ARI,1,2011,7,-7
139,SEA,SF,1,2011,6,-6
140,MIN,SD,1,2011,9,-9
141,DAL,NYJ,1,2011,6,-6
142,NE,MIA,1,2011,-7,7
143,OAK,DEN,1,2011,3,-3
144,MIN,NO,1,2010,5,-5
145,CAR,NYG,1,2010,6,-6
146,MIA,BUF,1,2010,-3,3
147,ATL,PIT,1,2010,-1,1
148,DET,CHI,1,2010,7,-7
149,CIN,NE,1,2010,5,-5
150,CLE,TB,1,2010,3,-3
151,DEN,JAC,1,2010,3,-3
152,IND,HOU,1,2010,-2,2
153,OAK,TEN,1,2010,7,-7
154,GB,PHI,1,2010,-3,3
155,SF,SEA,1,2010,-3,3
156,ARI,STL,1,2010,-3,3
157,DAL,WAS,1,2010,-4,4
158,BAL,NYJ,1,2010,2,-2
159,SD,KC,1,2010,-4,4
160,TEN,PIT,1,2009,6,-6
161,MIA,ATL,1,2009,4,-4
162,KC,BAL,1,2009,13,-13
163,PHI,CAR,1,2009,-3,3
164,DEN,CIN,1,2009,5,-5
165,MIN,CLE,1,2009,-4,4
166,NYJ,HOU,1,2009,5,-5
167,JAC,IND,1,2009,6,-6
168,DET,NO,1,2009,14,-14
169,DAL,TB,1,2009,-6,6
170,SF,ARI,1,2009,5,-5
171,WAS,NYG,1,2009,6,-6
172,STL,SEA,1,2009,7,-7
173,CHI,GB,1,2009,5,-5
174,BUF,NE,1,2009,13,-13
175,SD,OAK,1,2009,-10,10
176,WAS,NYG,1,2008,5,-5
177,CIN,BAL,1,2008,-2,2
178,NYJ,MIA,1,2008,-3,3
179,KC,NE,1,2008,17,-17
180,HOU,PIT,1,2008,6,-6
181,JAC,TEN,1,2008,-3,3
182,DET,ATL,1,2008,-3,3
183,SEA,BUF,1,2008,3,-3
184,TB,NO,1,2008,3,-3
185,STL,PHI,1,2008,9,-9
186,DAL,CLE,1,2008,-6,6
187,CAR,SD,1,2008,9,-9
188,ARI,SF,1,2008,-3,3
189,CHI,IND,1,2008,11,-11
190,MIN,GB,1,2008,2,-2
191,DEN,OAK,1,2008,-3,3
192,NO,IND,1,2007,6,-6
193,KC,HOU,1,2007,3,-3
194,DEN,BUF,1,2007,-3,3
195,PIT,CLE,1,2007,-5,5
196,TEN,JAC,1,2007,8,-8
197,CAR,STL,1,2007,2,-2
198,PHI,GB,1,2007,-3,3
199,ATL,MIN,1,2007,3,-3
200,MIA,WAS,1,2007,3,-3
201,NE,NYJ,1,2007,-7,7
202,TB,SEA,1,2007,6,-6
203,CHI,SD,1,2007,7,-7
204,DET,OAK,1,2007,3,-3
205,NYG,DAL,1,2007,6,-6
206,BAL,CIN,1,2007,3,-3
207,ARI,SF,1,2007,4,-4
208,TB,CAR,2,2019,6.5,-6.5
209,ARI,BAL,2,2019,13,-13
210,BUF,NYG,2,2019,-1,1
211,DAL,WAS,2,2019,-6,6
212,IND,TEN,2,2019,3,-3
213,JAC,HOU,2,2019,7.5,-7.5
214,LAC,DET,2,2019,-1,1
215,MIN,GB,2,2019,3,-3
216,NE,MIA,2,2019,-18,18
217,SF,CIN,2,2019,1,-1
218,SEA,PIT,2,2019,4,-4
219,KC,OAK,2,2019,-7,7
220,CHI,DEN,2,2019,-3,3
221,NO,LAR,2,2019,2,-2
222,PHI,ATL,2,2019,-1,1
223,CLE,NYJ,2,2019,-6.5,6.5
224,BAL,CIN,2,2018,1,-1
225,CAR,ATL,2,2018,5.5,-5.5
226,CLE,NO,2,2018,10,-10
227,HOU,TEN,2,2018,-3.5,3.5
228,IND,WAS,2,2018,6,-6
229,KC,PIT,2,2018,4.5,-4.5
230,LAC,BUF,2,2018,-7.5,7.5
231,MIA,NYJ,2,2018,3,-3
232,MIN,GB,2,2018,-2,2
233,PHI,TB,2,2018,-3,3
234,ARI,LAR,2,2018,13.5,-13.5
235,DET,SF,2,2018,6,-6
236,OAK,DEN,2,2018,5.5,-5.5
237,NE,JAC,2,2018,-2,2
238,NYG,DAL,2,2018,3,-3
239,SEA,CHI,2,2018,5,-5
240,HOU,CIN,2,2017,5.5,-5.5
241,MIN,PIT,2,2017,8.5,-8.5
242,CLE,BAL,2,2017,7.5,-7.5
243,CHI,TB,2,2017,7,-7
244,BUF,CAR,2,2017,6.5,-6.5
245,ARI,IND,2,2017,-7,7
246,TEN,JAC,2,2017,-1,1
247,PHI,KC,2,2017,4,-4
248,NE,NO,2,2017,-5.5,5.5
249,NYJ,OAK,2,2017,14,-14
250,MIA,LAC,2,2017,3.5,-3.5
251,DAL,DEN,2,2017,-2.5,2.5
252,WAS,LAR,2,2017,3,-3
253,SF,SEA,2,2017,13.5,-13.5
254,GB,ATL,2,2017,3.5,-3.5
255,DET,NYG,2,2017,3,-3
256,NYJ,BUF,2,2016,1.5,-1.5
257,NO,NYG,2,2016,3.5,-3.5
258,KC,HOU,2,2016,-1,1
259,CIN,PIT,2,2016,3,-3
260,DAL,WAS,2,2016,3.5,-3.5
261,MIA,NE,2,2016,5.5,-5.5
262,TEN,DET,2,2016,6,-6
263,BAL,CLE,2,2016,-4,4
264,SF,CAR,2,2016,12,-12
265,TB,ARI,2,2016,7.5,-7.5
266,SEA,LA,2,2016,-5.5,5.5
267,IND,DEN,2,2016,5,-5
268,JAC,SD,2,2016,3,-3
269,ATL,OAK,2,2016,4,-4
270,GB,MIN,2,2016,-1.5,1.5
271,PHI,CHI,2,2016,3,-3
272,DEN,KC,2,2015,3,-3
273,DET,MIN,2,2015,2.5,-2.5
274,ARI,CHI,2,2015,-2,2
275,TEN,CLE,2,2015,1,-1
276,NE,BUF,2,2015,2,-2
277,HOU,CAR,2,2015,3,-3
278,SF,PIT,2,2015,6,-6
279,SD,CIN,2,2015,3.5,-3.5
280,STL,WAS,2,2015,-3,3
281,ATL,NYG,2,2015,2,-2
282,TB,NO,2,2015,9.5,-9.5
283,BAL,OAK,2,2015,-6,6
284,MIA,JAC,2,2015,-5,5
285,DAL,PHI,2,2015,7,-7
286,SEA,GB,2,2015,3.5,-3.5
287,NYJ,IND,2,2015,6,-6
288,PIT,BAL,2,2014,2.5,-2.5
289,MIA,BUF,2,2014,1,-1
290,JAC,WAS,2,2014,5,-5
291,DAL,TEN,2,2014,3,-3
292,ARI,NYG,2,2014,1,-1
293,NE,MIN,2,2014,-3.5,3.5
294,NO,CLE,2,2014,-4.5,4.5
295,ATL,CIN,2,2014,5.5,-5.5
296,DET,CAR,2,2014,1,-1
297,STL,TB,2,2014,4,-4
298,SEA,SD,2,2014,-4.5,4.5
299,HOU,OAK,2,2014,-3,3
300,NYJ,GB,2,2014,7,-7
301,KC,DEN,2,2014,13,-13
302,CHI,SF,2,2014,7,-7
303,PHI,IND,2,2014,3,-3
304,NYJ,NE,2,2013,10.5,-10.5
305,STL,ATL,2,2013,4,-4
306,SD,PHI,2,2013,7.5,-7.5
307,DAL,KC,2,2013,3,-3
308,MIA,IND,2,2013,1,-1
309,TEN,HOU,2,2013,7.5,-7.5
310,WAS,GB,2,2013,9,-9
311,CLE,BAL,2,2013,5.5,-5.5
312,CAR,BUF,2,2013,-3.5,3.5
313,MIN,CHI,2,2013,6,-6
314,NO,TB,2,2013,-3,3
315,DET,ARI,2,2013,-1,1
316,JAC,OAK,2,2013,3.5,-3.5
317,DEN,NYG,2,2013,-3.5,3.5
318,SF,SEA,2,2013,3,-3
319,PIT,CIN,2,2013,7,-7
320,CHI,GB,2,2012,5,-5
321,KC,BUF,2,2012,3,-3
322,BAL,PHI,2,2012,3,-3
323,TB,NYG,2,2012,9,-9
324,ARI,NE,2,2012,13,-13
325,HOU,JAC,2,2012,-6.5,6.5
326,MIN,IND,2,2012,-3,3
327,CLE,CIN,2,2012,7,-7
328,NO,CAR,2,2012,-3,3
329,OAK,MIA,2,2012,-1,1
330,WAS,STL,2,2012,-3.5,3.5
331,DAL,SEA,2,2012,-3,3
332,TEN,SD,2,2012,6.5,-6.5
333,NYJ,PIT,2,2012,4.5,-4.5
334,DET,SF,2,2012,7,-7
335,DEN,ATL,2,2012,3,-3
336,CHI,NO,2,2011,5,-5
337,KC,DET,2,2011,8,-8
338,JAC,NYJ,2,2011,9,-9
339,OAK,BUF,2,2011,4,-4
340,ARI,WAS,2,2011,5,-5
341,BAL,TEN,2,2011,-6,6
342,SEA,PIT,2,2011,14,-14
343,GB,CAR,2,2011,-11,11
344,TB,MIN,2,2011,0,0
345,CLE,IND,2,2011,-2,2
346,DAL,SF,2,2011,-3,3
347,HOU,MIA,2,2011,-3,3
348,SD,NE,2,2011,6,-6
349,CIN,DEN,2,2011,3,-3
350,PHI,ATL,2,2011,-3,3
351,STL,NYG,2,2011,7,-7
352,KC,CLE,2,2010,3,-3
353,BUF,GB,2,2010,13,-13
354,BAL,CIN,2,2010,-3,3
355,PIT,TEN,2,2010,6,-6
356,PHI,DET,2,2010,-7,7
357,CHI,DAL,2,2010,7,-7
358,TB,CAR,2,2010,4,-4
359,ARI,ATL,2,2010,7,-7
360,MIA,MIN,2,2010,6,-6
361,STL,OAK,2,2010,3,-3
362,SEA,DEN,2,2010,3,-3
363,HOU,WAS,2,2010,-3,3
364,JAC,SD,2,2010,7,-7
365,NE,NYJ,2,2010,-3,3
366,NYG,IND,2,2010,4,-4
367,NO,SF,2,2010,-5,5
368,OAK,KC,2,2009,3,-3
369,HOU,TEN,2,2009,7,-7
370,NE,NYJ,2,2009,-3,3
371,CIN,GB,2,2009,10,-10
372,MIN,DET,2,2009,-10,10
373,NO,PHI,2,2009,0,0
374,CAR,ATL,2,2009,6,-6
375,STL,WAS,2,2009,10,-10
376,ARI,JAC,2,2009,3,-3
377,SEA,SF,2,2009,2,-2
378,TB,BUF,2,2009,6,-6
379,CLE,DEN,2,2009,3,-3
380,BAL,SD,2,2009,3,-3
381,PIT,CHI,2,2009,-3,3
382,NYG,DAL,2,2009,3,-3
383,IND,MIA,2,2009,-3,3
384,OAK,KC,2,2008,3,-3
385,TEN,CIN,2,2008,-1,1
386,IND,MIN,2,2008,0,0
387,NO,WAS,2,2008,0,0
388,GB,DET,2,2008,-3,3
389,CHI,CAR,2,2008,3,-3
390,NYG,STL,2,2008,-8,8
391,BUF,JAC,2,2008,4,-4
392,ATL,TB,2,2008,7,-7
393,SF,SEA,2,2008,6,-6
394,MIA,ARI,2,2008,6,-6
395,NE,NYJ,2,2008,-1,1
396,SD,DEN,2,2008,2,-2
397,PIT,CLE,2,2008,-6,6
398,PHI,DAL,2,2008,7,-7
399,BUF,PIT,2,2007,10,-10
400,CIN,CLE,2,2007,-7,7
401,IND,TEN,2,2007,-7,7
402,HOU,CAR,2,2007,7,-7
403,SF,STL,2,2007,3,-3
404,GB,NYG,2,2007,3,-3
405,ATL,JAC,2,2007,10,-10
406,NO,TB,2,2007,-6,6
407,MIN,DET,2,2007,3,-3
408,DAL,MIA,2,2007,-3,3
409,SEA,ARI,2,2007,-3,3
410,NYJ,BAL,2,2007,10,-10
411,OAK,DEN,2,2007,10,-10
412,KC,CHI,2,2007,12,-12
413,SD,NE,2,2007,4,-4
414,WAS,PHI,2,2007,7,-7
415,TEN,JAC,3,2019,-1.5,1.5
416,ATL,IND,3,2019,1,-1
417,BAL,KC,3,2019,4.5,-4.5
418,CIN,BUF,3,2019,5.5,-5.5
419,DEN,GB,3,2019,7,-7
420,DET,PHI,3,2019,4,-4
421,MIA,DAL,3,2019,22,-22
422,NYJ,NE,3,2019,20.5,-20.5
423,OAK,MIN,3,2019,8.5,-8.5
424,CAR,ARI,3,2019,2.5,-2.5
425,NYG,TB,3,2019,5,-5
426,HOU,LAC,3,2019,3,-3
427,NO,SEA,3,2019,5,-5
428,PIT,SF,3,2019,6,-6
429,LAR,CLE,3,2019,-4,4
430,CHI,WAS,3,2019,-5,5
431,NYJ,CLE,3,2018,3,-3
432,BUF,MIN,3,2018,16.5,-16.5
433,CIN,CAR,3,2018,2.5,-2.5
434,DEN,BAL,3,2018,5.5,-5.5
435,GB,WAS,3,2018,-2.5,2.5
436,IND,PHI,3,2018,6.5,-6.5
437,NO,ATL,3,2018,1.5,-1.5
438,NYG,HOU,3,2018,6.5,-6.5
439,OAK,MIA,3,2018,3,-3
440,SF,KC,3,2018,6,-6
441,TEN,JAC,3,2018,10,-10
442,LAC,LAR,3,2018,7.5,-7.5
443,CHI,ARI,3,2018,-6,6
444,DAL,SEA,3,2018,1,-1
445,NE,DET,3,2018,-7,7
446,PIT,TB,3,2018,1,-1
447,LAR,SF,3,2017,-3,3
448,BAL,JAC,3,2017,-3,3
449,ATL,DET,3,2017,-3,3
450,CLE,IND,3,2017,1,-1
451,TB,MIN,3,2017,0,0
452,HOU,NE,3,2017,13.5,-13.5
453,MIA,NYJ,3,2017,-5.5,5.5
454,NYG,PHI,3,2017,5,-5
455,DEN,BUF,3,2017,-3.5,3.5
456,NO,CAR,3,2017,5.5,-5.5
457,PIT,CHI,3,2017,-7,7
458,SEA,TEN,3,2017,2,-2
459,CIN,GB,3,2017,7,-7
460,KC,LAC,3,2017,-3,3
461,OAK,WAS,3,2017,-3.5,3.5
462,DAL,ARI,3,2017,-3,3
463,HOU,NE,3,2016,0,0
464,MIN,CAR,3,2016,6,-6
465,DET,GB,3,2016,8.5,-8.5
466,BAL,JAC,3,2016,-1,1
467,ARI,BUF,3,2016,-5,5
468,OAK,TEN,3,2016,-1.5,1.5
469,CLE,MIA,3,2016,10,-10
470,WAS,NYG,3,2016,3.5,-3.5
471,DEN,CIN,3,2016,3.5,-3.5
472,SF,SEA,3,2016,10.5,-10.5
473,LA,TB,3,2016,3.5,-3.5
474,NYJ,KC,3,2016,3,-3
475,SD,IND,3,2016,1.5,-1.5
476,PIT,PHI,3,2016,-3.5,3.5
477,CHI,DAL,3,2016,6.5,-6.5
478,ATL,NO,3,2016,2.5,-2.5
479,WAS,NYG,3,2015,3,-3
480,SD,MIN,3,2015,2.5,-2.5
481,OAK,CLE,3,2015,3.5,-3.5
482,CIN,BAL,3,2015,2.5,-2.5
483,NO,CAR,3,2015,10,-10
484,ATL,DAL,3,2015,1,-1
485,TB,HOU,3,2015,6,-6
486,IND,TEN,3,2015,-3,3
487,PIT,STL,3,2015,1.5,-1.5
488,JAC,NE,3,2015,14.5,-14.5
489,PHI,NYJ,3,2015,3,-3
490,SF,ARI,3,2015,7,-7
491,CHI,SEA,3,2015,16.5,-16.5
492,BUF,MIA,3,2015,1,-1
493,DEN,DET,3,2015,-3,3
494,KC,GB,3,2015,4.5,-4.5
495,TB,ATL,3,2014,6.5,-6.5
496,SD,BUF,3,2014,2.5,-2.5
497,DAL,STL,3,2014,-1.5,1.5
498,WAS,PHI,3,2014,4,-4
499,HOU,NYG,3,2014,1,-1
500,MIN,NO,3,2014,10,-10
501,TEN,CIN,3,2014,6.5,-6.5
502,BAL,CLE,3,2014,-2,2
503,GB,DET,3,2014,1.5,-1.5
504,IND,JAC,3,2014,-6,6
505,OAK,NE,3,2014,14,-14
506,SF,ARI,3,2014,-3,3
507,DEN,SEA,3,2014,4,-4
508,KC,MIA,3,2014,6,-6
509,PIT,CAR,3,2014,3,-3
510,CHI,NYJ,3,2014,1.5,-1.5
511,KC,PHI,3,2013,3,-3
512,HOU,BAL,3,2013,1,-1
513,DET,WAS,3,2013,-1,1
514,SD,TEN,3,2013,3,-3
515,ARI,NO,3,2013,8,-8
516,TB,NE,3,2013,7.5,-7.5
517,CLE,MIN,3,2013,7,-7
518,NYG,CAR,3,2013,-1,1
519,GB,CIN,3,2013,-3,3
520,STL,DAL,3,2013,3.5,-3.5
521,ATL,MIA,3,2013,3,-3
522,BUF,NYJ,3,2013,2.5,-2.5
523,JAC,SEA,3,2013,19.5,-19.5
524,IND,SF,3,2013,10.5,-10.5
525,CHI,PIT,3,2013,-2.5,2.5
526,OAK,DEN,3,2013,16,-16
527,NYG,CAR,3,2012,2.5,-2.5
528,STL,CHI,3,2012,7,-7
529,CIN,WAS,3,2012,3,-3
530,DET,TEN,3,2012,-3.5,3.5
531,KC,NO,3,2012,9,-9
532,SF,MIN,3,2012,-6.5,6.5
533,NYJ,MIA,3,2012,-2.5,2.5
534,BUF,CLE,3,2012,-2.5,2.5
535,TB,DAL,3,2012,7,-7
536,JAC,IND,3,2012,3,-3
537,ATL,SD,3,2012,3,-3
538,PHI,ARI,3,2012,-3,3
539,PIT,OAK,3,2012,-3.5,3.5
540,HOU,DEN,3,2012,-1,1
541,NE,BAL,3,2012,2.5,-2.5
542,GB,SEA,3,2012,-3,3
543,SF,CIN,3,2011,2,-2
544,NE,BUF,3,2011,-7,7
545,HOU,NO,3,2011,3,-3
546,NYG,PHI,3,2011,8,-8
547,MIA,CLE,3,2011,-2,2
548,DEN,TEN,3,2011,7,-7
549,DET,MIN,3,2011,-3,3
550,JAC,CAR,3,2011,3,-3
551,KC,SD,3,2011,14,-14
552,NYJ,OAK,3,2011,-3,3
553,BAL,STL,3,2011,-5,5
554,ATL,TB,3,2011,1,-1
555,ARI,SEA,3,2011,-3,3
556,GB,CHI,3,2011,-4,4
557,PIT,IND,3,2011,-10.5,10.5
558,WAS,DAL,3,2011,3.5,-3.5
559,TEN,NYG,3,2010,3,-3
560,BUF,NE,3,2010,15,-15
561,CLE,BAL,3,2010,13,-13
562,PIT,TB,3,2010,-3,3
563,CIN,CAR,3,2010,-3,3
564,ATL,NO,3,2010,3,-3
565,SF,KC,3,2010,-3,3
566,DET,MIN,3,2010,13,-13
567,DAL,HOU,3,2010,3,-3
568,WAS,STL,3,2010,-5,5
569,PHI,JAC,3,2010,-3,3
570,IND,DEN,3,2010,-6,6
571,SD,SEA,3,2010,-4,4
572,OAK,ARI,3,2010,6,-6
573,NYJ,MIA,3,2010,2,-2
574,GB,CHI,3,2010,-3,3
575,TEN,NYJ,3,2009,1,-1
576,JAC,HOU,3,2009,4,-4
577,KC,PHI,3,2009,8,-8
578,CLE,BAL,3,2009,8,-8
579,NYG,TB,3,2009,4,-4
580,WAS,DET,3,2009,4,-4
581,GB,STL,3,2009,-7,7
582,SF,MIN,3,2009,-4,4
583,ATL,NE,3,2009,-4,4
584,CHI,SEA,3,2009,4,-4
585,NO,BUF,3,2009,4,-4
586,MIA,SD,3,2009,-4,4
587,PIT,CIN,3,2009,4,-4
588,DEN,OAK,3,2009,4,-4
589,IND,ARI,3,2009,3,-3
590,CAR,DAL,3,2009,9,-9
591,KC,ATL,3,2008,6,-6
592,OAK,BUF,3,2008,10,-10
593,HOU,TEN,3,2008,5,-5
594,CIN,NYG,3,2008,13,-13
595,ARI,WAS,3,2008,3,-3
596,MIA,NE,3,2008,13,-13
597,TB,CHI,3,2008,3,-3
598,CAR,MIN,3,2008,3,-3
599,STL,SEA,3,2008,8,-8
600,DET,SF,3,2008,5,-5
601,NO,DEN,3,2008,6,-6
602,PIT,PHI,3,2008,4,-4
603,JAC,IND,3,2008,4,-4
604,CLE,BAL,3,2008,3,-3
605,DAL,GB,3,2008,-3,3
606,NYJ,SD,3,2008,8,-8
607,IND,HOU,3,2007,-7,7
608,SD,GB,3,2007,-6,6
609,MIN,KC,3,2007,3,-3
610,DET,PHI,3,2007,5,-5
611,BUF,NE,3,2007,17,-17
612,MIA,NYJ,3,2007,3,-3
613,ARI,BAL,3,2007,7,-7
614,STL,TB,3,2007,4,-4
615,SF,PIT,3,2007,10,-10
616,JAC,DEN,3,2007,4,-4
617,CIN,SEA,3,2007,3,-3
618,CLE,OAK,3,2007,3,-3
619,CAR,ATL,3,2007,-4,4
620,NYG,WAS,3,2007,4,-4
621,DAL,CHI,3,2007,3,-3
622,TEN,NO,3,2007,5,-5
623,PHI,GB,4,2019,3.5,-3.5
624,CAR,HOU,4,2019,5.5,-5.5
625,CLE,BAL,4,2019,7.5,-7.5
626,KC,DET,4,2019,-7.5,7.5
627,LAC,MIA,4,2019,-15,15
628,NE,BUF,4,2019,-7,7
629,OAK,IND,4,2019,5.5,-5.5
630,TEN,ATL,4,2019,3.5,-3.5
631,WAS,NYG,4,2019,3,-3
632,SEA,ARI,4,2019,-5.5,5.5
633,TB,LAR,4,2019,9,-9
634,JAC,DEN,4,2019,2.5,-2.5
635,MIN,CHI,4,2019,-1,1
636,DAL,NO,4,2019,-2.5,2.5
637,CIN,PIT,4,2019,3.5,-3.5
638,MIN,LAR,4,2018,7.5,-7.5
639,BUF,GB,4,2018,8.5,-8.5
640,CIN,ATL,4,2018,3.5,-3.5
641,DET,DAL,4,2018,2.5,-2.5
642,HOU,IND,4,2018,-1,1
643,MIA,NE,4,2018,6.5,-6.5
644,NYJ,JAC,4,2018,7.5,-7.5
645,PHI,TEN,4,2018,-3,3
646,TB,CHI,4,2018,3,-3
647,CLE,OAK,4,2018,2.5,-2.5
648,SEA,ARI,4,2018,-3.5,3.5
649,NO,NYG,4,2018,-3.5,3.5
650,SF,LAC,4,2018,10,-10
651,BAL,PIT,4,2018,3,-3
652,KC,DEN,4,2018,-3.5,3.5
653,CHI,GB,4,2017,7.5,-7.5
654,NO,MIA,4,2017,-4,4
655,TEN,HOU,4,2017,-2.5,2.5
656,DET,MIN,4,2017,2.5,-2.5
657,CAR,NE,4,2017,9,-9
658,JAC,NYJ,4,2017,-4,4
659,BUF,ATL,4,2017,8,-8
660,PIT,BAL,4,2017,-3.5,3.5
661,CIN,CLE,4,2017,-3,3
662,LAR,DAL,4,2017,5,-5
663,SF,ARI,4,2017,6.5,-6.5
664,PHI,LAC,4,2017,1.5,-1.5
665,NYG,TB,4,2017,2.5,-2.5
666,OAK,DEN,4,2017,3.5,-3.5
667,IND,SEA,4,2017,12.5,-12.5
668,WAS,KC,4,2017,6.5,-6.5
669,MIA,CIN,4,2016,7.5,-7.5
670,IND,JAC,4,2016,1,-1
671,BUF,NE,4,2016,3.5,-3.5
672,SEA,NYJ,4,2016,-1,1
673,DET,CHI,4,2016,-3,3
674,CAR,ATL,4,2016,-2.5,2.5
675,OAK,BAL,4,2016,3.5,-3.5
676,TEN,HOU,4,2016,4,-4
677,CLE,WAS,4,2016,7.5,-7.5
678,DEN,TB,4,2016,-3.5,3.5
679,LA,ARI,4,2016,10,-10
680,NO,SD,4,2016,4,-4
681,DAL,SF,4,2016,-1,1
682,KC,PIT,4,2016,3,-3
683,NYG,MIN,4,2016,3.5,-3.5
684,BAL,PIT,4,2015,-3,3
685,NYJ,MIA,4,2015,-2.5,2.5
686,OAK,CHI,4,2015,-3,3
687,HOU,ATL,4,2015,4,-4
688,NYG,BUF,4,2015,6,-6
689,JAC,IND,4,2015,4,-4
690,KC,CIN,4,2015,3.5,-3.5
691,PHI,WAS,4,2015,-3,3
692,CAR,TB,4,2015,-3,3
693,CLE,SD,4,2015,4.5,-4.5
694,STL,ARI,4,2015,7,-7
695,MIN,DEN,4,2015,7,-7
696,GB,SF,4,2015,-7.5,7.5
697,DAL,NO,4,2015,3,-3
698,DET,SEA,4,2015,10,-10
699,NYG,WAS,4,2014,3,-3
700,GB,CHI,4,2014,-2,2
701,BUF,HOU,4,2014,3,-3
702,TEN,IND,4,2014,7.5,-7.5
703,CAR,BAL,4,2014,3.5,-3.5
704,DET,NYJ,4,2014,2,-2
705,TB,PIT,4,2014,7.5,-7.5
706,MIA,OAK,4,2014,-4,4
707,JAC,SD,4,2014,13,-13
708,ATL,MIN,4,2014,-5.5,5.5
709,PHI,SF,4,2014,3.5,-3.5
710,NO,DAL,4,2014,-3,3
711,NE,KC,4,2014,-3,3
712,SF,STL,4,2013,-3,3
713,BAL,BUF,4,2013,-4,4
714,ARI,TB,4,2013,2.5,-2.5
715,PIT,MIN,4,2013,-3,3
716,NYG,KC,4,2013,3.5,-3.5
717,IND,JAC,4,2013,-9.5,9.5
718,SEA,HOU,4,2013,-1,1
719,CIN,CLE,4,2013,-3.5,3.5
720,CHI,DET,4,2013,3,-3
721,NYJ,TEN,4,2013,3.5,-3.5
722,WAS,OAK,4,2013,-3.5,3.5
723,PHI,DEN,4,2013,10.5,-10.5
724,DAL,SD,4,2013,-1,1
725,NE,ATL,4,2013,3,-3
726,MIA,NO,4,2013,7,-7
727,CLE,BAL,4,2012,11.5,-11.5
728,CAR,ATL,4,2012,7,-7
729,SEA,STL,4,2012,-2,2
730,SF,NYJ,4,2012,-3.5,3.5
731,SD,KC,4,2012,-2.5,2.5
732,TEN,HOU,4,2012,13,-13
733,MIN,DET,4,2012,3.5,-3.5
734,NE,BUF,4,2012,-3.5,3.5
735,CIN,JAC,4,2012,1,-1
736,OAK,DEN,4,2012,6.5,-6.5
737,MIA,ARI,4,2012,4,-4
738,WAS,TB,4,2012,1.5,-1.5
739,NO,GB,4,2012,7.5,-7.5
740,NYG,PHI,4,2012,1.5,-1.5
741,CHI,DAL,4,2012,3,-3
742,DET,DAL,4,2011,3,-3
743,NO,JAC,4,2011,-8,8
744,SF,PHI,4,2011,10,-10
745,WAS,STL,4,2011,-3,3
746,TEN,CLE,4,2011,2,-2
747,BUF,CIN,4,2011,-3,3
748,MIN,KC,4,2011,-3,3
749,CAR,CHI,4,2011,7,-7
750,PIT,HOU,4,2011,4,-4
751,ATL,SEA,4,2011,-6,6
752,NYG,ARI,4,2011,-2,2
753,MIA,SD,4,2011,7,-7
754,DEN,GB,4,2011,12,-12
755,NE,OAK,4,2011,-7,7
756,NYJ,BAL,4,2011,6,-6
757,IND,TB,4,2011,10,-10
758,DEN,TEN,4,2010,6,-6
759,BAL,PIT,4,2010,3,-3
760,CIN,CLE,4,2010,-2,2
761,DET,GB,4,2010,15,-15
762,CAR,NO,4,2010,13,-13
763,SF,ATL,4,2010,7,-7
764,SEA,STL,4,2010,-3,3
765,NYJ,BUF,4,2010,-6,6
766,IND,JAC,4,2010,-7,7
767,HOU,OAK,4,2010,-3,3
768,ARI,SD,4,2010,10,-10
769,WAS,PHI,4,2010,5,-5
770,CHI,NYG,4,2010,4,-4
771,NE,MIA,4,2010,0,0
772,OAK,HOU,4,2009,8,-8
773,BAL,NE,4,2009,2,-2
774,CIN,CLE,4,2009,-6,6
775,NYG,KC,4,2009,-9,9
776,DET,CHI,4,2009,10,-10
777,TB,WAS,4,2009,10,-10
778,SEA,IND,4,2009,10,-10
779,TEN,JAC,4,2009,-3,3
780,NYJ,NO,4,2009,8,-8
781,BUF,MIA,4,2009,2,-2
782,STL,SF,4,2009,9,-9
783,DAL,DEN,4,2009,-3,3
784,SD,PIT,4,2009,6,-6
785,GB,MIN,4,2009,5,-5
786,DEN,KC,4,2008,-8,8
787,CLE,CIN,4,2008,1,-1
788,HOU,JAC,4,2008,7,-7
789,ARI,NYJ,4,2008,2,-2
790,SF,NO,4,2008,4,-4
791,ATL,CAR,4,2008,7,-7
792,MIN,TEN,4,2008,3,-3
793,GB,TB,4,2008,2,-2
794,BUF,STL,4,2008,-9,9
795,SD,OAK,4,2008,-8,8
796,WAS,DAL,4,2008,10,-10
797,PHI,CHI,4,2008,-3,3
798,BAL,PIT,4,2008,6,-6
799,OAK,MIA,4,2007,4,-4
800,HOU,ATL,4,2007,-3,3
801,BAL,CLE,4,2007,-4,4
802,CHI,DET,4,2007,-3,3
803,GB,MIN,4,2007,0,0
804,STL,DAL,4,2007,13,-13
805,NYJ,BUF,4,2007,-3,3
806,TB,CAR,4,2007,3,-3
807,SEA,SF,4,2007,-2,2
808,PIT,ARI,4,2007,-6,6
809,KC,SD,4,2007,13,-13
810,DEN,IND,4,2007,10,-10
811,PHI,NYG,4,2007,-2,2
812,NE,CIN,4,2007,-8,8
813,LAR,SEA,5,2019,1.5,-1.5
814,ARI,CIN,5,2019,3,-3
815,ATL,HOU,5,2019,4,-4
816,BAL,PIT,5,2019,-3.5,3.5
817,BUF,TEN,5,2019,3.5,-3.5
818,CHI,OAK,5,2019,-6.5,6.5
819,JAC,CAR,5,2019,3,-3
820,MIN,NYG,5,2019,-5.5,5.5
821,NE,WAS,5,2019,-15.5,15.5
822,NYJ,PHI,5,2019,14,-14
823,TB,NO,5,2019,3,-3
824,DEN,LAC,5,2019,4,-4
825,GB,DAL,5,2019,3.5,-3.5
826,IND,KC,5,2019,10.5,-10.5
827,CLE,SF,5,2019,5,-5
828,IND,NE,5,2018,10.5,-10.5
829,MIA,CIN,5,2018,6,-6
830,ATL,PIT,5,2018,3.5,-3.5
831,BAL,CLE,5,2018,-3,3
832,DEN,NYJ,5,2018,-1,1
833,GB,DET,5,2018,1,-1
834,JAC,KC,5,2018,3,-3
835,NYG,CAR,5,2018,7,-7
836,TEN,BUF,5,2018,-6,6
837,OAK,LAC,5,2018,5.5,-5.5
838,ARI,SF,5,2018,3,-3
839,LAR,SEA,5,2018,-7.5,7.5
840,MIN,PHI,5,2018,3.5,-3.5
841,DAL,HOU,5,2018,3.5,-3.5
842,WAS,NO,5,2018,5.5,-5.5
843,NE,TB,5,2017,-3.5,3.5
844,TEN,MIA,5,2017,0,0
845,LAC,NYG,5,2017,3,-3
846,BUF,CIN,5,2017,3,-3
847,JAC,PIT,5,2017,7.5,-7.5
848,ARI,PHI,5,2017,6,-6
849,NYJ,CLE,5,2017,-1.5,1.5
850,CAR,DET,5,2017,2,-2
851,SF,IND,5,2017,-1,1
852,SEA,LAR,5,2017,2,-2
853,BAL,OAK,5,2017,3,-3
854,GB,DAL,5,2017,2.5,-2.5
855,KC,HOU,5,2017,-2,2
856,MIN,CHI,5,2017,-3.5,3.5
857,ARI,SF,5,2016,-3.5,3.5
858,WAS,BAL,5,2016,4,-4
859,TEN,MIA,5,2016,2.5,-2.5
860,HOU,MIN,5,2016,6,-6
861,CHI,IND,5,2016,4,-4
862,NYJ,PIT,5,2016,10,-10
863,PHI,DET,5,2016,-3.5,3.5
864,NE,CLE,5,2016,-10,10
865,ATL,DEN,5,2016,3.5,-3.5
866,SD,OAK,5,2016,3.5,-3.5
867,BUF,LA,5,2016,-2.5,2.5
868,CIN,DAL,5,2016,-2.5,2.5
869,NYG,GB,5,2016,7,-7
870,TB,CAR,5,2016,6,-6
871,IND,HOU,5,2015,4.5,-4.5
872,CLE,BAL,5,2015,6,-6
873,STL,GB,5,2015,8.5,-8.5
874,BUF,TEN,5,2015,1,-1
875,NO,PHI,5,2015,6.5,-6.5
876,WAS,ATL,5,2015,7.5,-7.5
877,SEA,CIN,5,2015,3,-3
878,CHI,KC,5,2015,10,-10
879,JAC,TB,5,2015,1,-1
880,ARI,DET,5,2015,-4.5,4.5
881,NE,DAL,5,2015,-8,8
882,DEN,OAK,5,2015,-5,5
883,SF,NYG,5,2015,7.5,-7.5
884,PIT,SD,5,2015,3.5,-3.5
885,MIN,GB,5,2014,8.5,-8.5
886,CHI,CAR,5,2014,1.5,-1.5
887,CLE,TEN,5,2014,-1,1
888,STL,PHI,5,2014,3.5,-3.5
889,ATL,NYG,5,2014,4,-4
890,TB,NO,5,2014,11,-11
891,HOU,DAL,5,2014,5,-5
892,BUF,DET,5,2014,4.5,-4.5
893,BAL,IND,5,2014,2.5,-2.5
894,PIT,JAC,5,2014,-6,6
895,ARI,DEN,5,2014,8,-8
896,KC,SF,5,2014,4,-4
897,NYJ,SD,5,2014,7,-7
898,CIN,NE,5,2014,-2.5,2.5
899,SEA,WAS,5,2014,-7,7
900,BUF,CLE,5,2013,3.5,-3.5
901,BAL,MIA,5,2013,2.5,-2.5
902,JAC,STL,5,2013,11,-11
903,KC,TEN,5,2013,-2.5,2.5
904,PHI,NYG,5,2013,-1,1
905,SEA,IND,5,2013,-3,3
906,NO,CHI,5,2013,1,-1
907,NE,CIN,5,2013,-2,2
908,DET,GB,5,2013,10,-10
909,CAR,ARI,5,2013,-3,3
910,DEN,DAL,5,2013,-7.5,7.5
911,SD,OAK,5,2013,-6,6
912,HOU,SF,5,2013,4,-4
913,NYJ,ATL,5,2013,10,-10
914,ARI,STL,5,2012,-1,1
915,GB,IND,5,2012,-6.5,6.5
916,BAL,KC,5,2012,-6,6
917,CLE,NYG,5,2012,7.5,-7.5
918,MIA,CIN,5,2012,3,-3
919,PHI,PIT,5,2012,4,-4
920,ATL,WAS,5,2012,-3,3
921,SEA,CAR,5,2012,1,-1
922,CHI,JAC,5,2012,-6,6
923,TEN,MIN,5,2012,6,-6
924,DEN,NE,5,2012,6,-6
925,BUF,SF,5,2012,10,-10
926,SD,NO,5,2012,3.5,-3.5
927,HOU,NYJ,5,2012,-9.5,9.5
928,KC,IND,5,2011,1,-1
929,ARI,MIN,5,2011,3.5,-3.5
930,PHI,BUF,5,2011,-2.5,2.5
931,OAK,HOU,5,2011,4.5,-4.5
932,NO,CAR,5,2011,-6.5,6.5
933,CIN,JAC,5,2011,-1,1
934,TEN,PIT,5,2011,3,-3
935,SEA,NYG,5,2011,9.5,-9.5
936,TB,SF,5,2011,2.5,-2.5
937,NYJ,NE,5,2011,7.5,-7.5
938,SD,DEN,5,2011,-3.5,3.5
939,GB,ATL,5,2011,-5.5,5.5
940,CHI,DET,5,2011,6.5,-6.5
941,DEN,BAL,5,2010,8,-8
942,JAC,BUF,5,2010,3,-3
943,KC,IND,5,2010,7,-7
944,STL,DET,5,2010,3,-3
945,ATL,CLE,5,2010,-3,3
946,TB,CIN,5,2010,7,-7
947,CHI,CAR,5,2010,3,-3
948,GB,WAS,5,2010,-3,3
949,NYG,HOU,5,2010,3,-3
950,NO,ARI,5,2010,-7,7
951,SD,OAK,5,2010,-7,7
952,TEN,DAL,5,2010,7,-7
953,PHI,SF,5,2010,3,-3
954,MIN,NYJ,5,2010,4,-4
955,MIN,STL,5,2009,-10,10
956,DAL,KC,5,2009,-7,7
957,WAS,CAR,5,2009,5,-5
958,TB,PHI,5,2009,16,-16
959,OAK,NYG,5,2009,15,-15
960,CLE,BUF,5,2009,6,-6
961,CIN,BAL,5,2009,9,-9
962,PIT,DET,5,2009,-11,11
963,ATL,SF,5,2009,0,0
964,NE,DEN,5,2009,-3,3
965,HOU,ARI,5,2009,6,-6
966,JAC,SEA,5,2009,2,-2
967,IND,TEN,5,2009,-3,3
968,NYJ,MIA,5,2009,-3,3
969,IND,HOU,5,2008,-5,5
970,TEN,BAL,5,2008,-1,1
971,SD,MIA,5,2008,-6,6
972,KC,CAR,5,2008,10,-10
973,WAS,PHI,5,2008,7,-7
974,CHI,DET,5,2008,-3,3
975,ATL,GB,5,2008,6,-6
976,SEA,NYG,5,2008,6,-6
977,TB,DEN,5,2008,4,-4
978,NE,SF,5,2008,-3,3
979,BUF,ARI,5,2008,2,-2
980,CIN,DAL,5,2008,16,-16
981,PIT,JAC,5,2008,6,-6
982,MIN,NO,5,2008,3,-3
983,CAR,NO,5,2007,4,-4
984,JAC,KC,5,2007,-2,2
985,DET,WAS,5,2007,4,-4
986,ATL,TEN,5,2007,8,-8
987,SEA,PIT,5,2007,5,-5
988,CLE,NE,5,2007,16,-16
989,ARI,STL,5,2007,-4,4
990,NYJ,NYG,5,2007,4,-4
991,MIA,HOU,5,2007,5,-5
992,TB,IND,5,2007,9,-9
993,SD,DEN,5,2007,-2,2
994,BAL,SF,5,2007,-4,4
995,CHI,GB,5,2007,3,-3
996,DAL,BUF,5,2007,-11,11
997,NYG,NE,6,2019,16.5,-16.5
998,CAR,TB,6,2019,-2,2
999,CIN,BAL,6,2019,10.5,-10.5
1000,HOU,KC,6,2019,3.5,-3.5
1001,NO,JAC,6,2019,2.5,-2.5
1002,PHI,MIN,6,2019,3.5,-3.5
1003,SEA,CLE,6,2019,1,-1
1004,WAS,MIA,6,2019,-6,6
1005,ATL,ARI,6,2019,-3,3
1006,SF,LAR,6,2019,3,-3
1007,DAL,NYJ,6,2019,-7,7
1008,TEN,DEN,6,2019,1,-1
1009,PIT,LAC,6,2019,6,-6
1010,DET,GB,6,2019,3.5,-3.5
1011,PHI,NYG,6,2018,-1.5,1.5
1012,ARI,MIN,6,2018,10,-10
1013,CAR,WAS,6,2018,-1,1
1014,CHI,MIA,6,2018,-7.5,7.5
1015,IND,NYJ,6,2018,2.5,-2.5
1016,PIT,CIN,6,2018,1,-1
1017,SEA,OAK,6,2018,-3,3
1018,BUF,HOU,6,2018,10.5,-10.5
1019,LAC,CLE,6,2018,1,-1
1020,TB,ATL,6,2018,3,-3
1021,LAR,DEN,6,2018,-7,7
1022,BAL,TEN,6,2018,-2.5,2.5
1023,JAC,DAL,6,2018,-3,3
1024,KC,NE,6,2018,4,-4
1025,SF,GB,6,2018,9,-9
1026,PHI,CAR,6,2017,3,-3
1027,NE,NYJ,6,2017,-9,9
1028,MIA,ATL,6,2017,14,-14
1029,SF,WAS,6,2017,12,-12
1030,CHI,BAL,6,2017,5.5,-5.5
1031,CLE,HOU,6,2017,7.5,-7.5
1032,GB,MIN,6,2017,-3,3
1033,DET,NO,6,2017,6,-6
1034,TB,ARI,6,2017,-2.5,2.5
1035,LAR,JAC,6,2017,1,-1
1036,PIT,KC,6,2017,3.5,-3.5
1037,LAC,OAK,6,2017,3,-3
1038,NYG,DEN,6,2017,14,-14
1039,IND,TEN,6,2017,7,-7
1040,DEN,SD,6,2016,-155,3
1041,LA,DET,6,2016,166,-2.5
1042,SF,BUF,6,2016,361,-7.5
1043,JAC,CHI,6,2016,138,-2.5
1044,CLE,TEN,6,2016,325,-7.5
1045,PHI,WAS,6,2016,-116,3
1046,BAL,NYG,6,2016,150,-3.5
1047,CAR,NO,6,2016,-136,2.5
1048,PIT,MIA,6,2016,-314,7.5
1049,CIN,NE,6,2016,400,-7.5
1050,KC,OAK,6,2016,-106,1
1051,ATL,SEA,6,2016,250,-7
1052,DAL,GB,6,2016,202,-5
1053,IND,HOU,6,2016,160,-3
1054,NYJ,ARI,6,2016,340,-7.5
1055,ATL,NO,6,2015,-3,3
1056,DEN,CLE,6,2015,-3.5,3.5
1057,CHI,DET,6,2015,3.5,-3.5
1058,HOU,JAC,6,2015,2.5,-2.5
1059,CIN,BUF,6,2015,-3,3
1060,WAS,NYJ,6,2015,7.5,-7.5
1061,KC,MIN,6,2015,3.5,-3.5
1062,ARI,PIT,6,2015,-5.5,5.5
1063,MIA,TEN,6,2015,2.5,-2.5
1064,CAR,SEA,6,2015,7,-7
1065,BAL,SF,6,2015,-2.5,2.5
1066,SD,GB,6,2015,10.5,-10.5
1067,NE,IND,6,2015,-8,8
1068,NYG,PHI,6,2015,3.5,-3.5
1069,IND,HOU,6,2014,-2.5,2.5
1070,CHI,ATL,6,2014,3.5,-3.5
1071,JAC,TEN,6,2014,4,-4
1072,BAL,TB,6,2014,-3.5,3.5
1073,DEN,NYJ,6,2014,-10,10
1074,DET,MIN,6,2014,1,-1
1075,NE,BUF,6,2014,1,-1
1076,CAR,CIN,6,2014,7,-7
1077,PIT,CLE,6,2014,2.5,-2.5
1078,GB,MIA,6,2014,-1.5,1.5
1079,SD,OAK,6,2014,-7,7
1080,DAL,SEA,6,2014,10,-10
1081,WAS,ARI,6,2014,5,-5
1082,NYG,PHI,6,2014,1,-1
1083,SF,STL,6,2014,-3.5,3.5
1084,NYG,CHI,6,2013,9.5,-9.5
1085,GB,BAL,6,2013,-1,1
1086,PHI,TB,6,2013,-2.5,2.5
1087,PIT,NYJ,6,2013,-1,1
1088,CAR,MIN,6,2013,2.5,-2.5
1089,OAK,KC,6,2013,7.5,-7.5
1090,STL,HOU,6,2013,9.5,-9.5
1091,CIN,BUF,6,2013,-6,6
1092,DET,CLE,6,2013,-1,1
1093,TEN,SEA,6,2013,11,-11
1094,JAC,DEN,6,2013,27,-27
1095,NO,NE,6,2013,2.5,-2.5
1096,ARI,SF,6,2013,10,-10
1097,WAS,DAL,6,2013,5.5,-5.5
1098,IND,SD,6,2013,-1,1
1099,PIT,TEN,6,2012,-5.5,5.5
1100,DAL,BAL,6,2012,3,-3
1101,CIN,CLE,6,2012,-1,1
1102,STL,MIA,6,2012,5.5,-5.5
1103,IND,NYJ,6,2012,3.5,-3.5
1104,OAK,ATL,6,2012,10,-10
1105,DET,PHI,6,2012,3.5,-3.5
1106,KC,TB,6,2012,5,-5
1107,BUF,ARI,6,2012,5,-5
1108,NE,SEA,6,2012,-3.5,3.5
1109,NYG,SF,6,2012,7,-7
1110,MIN,WAS,6,2012,-1.5,1.5
1111,GB,HOU,6,2012,4,-4
1112,DEN,SD,6,2012,1,-1
1113,STL,GB,6,2011,14,-14
1114,JAC,PIT,6,2011,12.5,-12.5
1115,PHI,WAS,6,2011,-3,3
1116,SF,DET,6,2011,4.5,-4.5
1117,CAR,ATL,6,2011,3.5,-3.5
1118,IND,CIN,6,2011,5,-5
1119,BUF,NYG,6,2011,3,-3
1120,HOU,BAL,6,2011,7,-7
1121,CLE,OAK,6,2011,6.5,-6.5
1122,DAL,NE,6,2011,6.5,-6.5
1123,NO,TB,6,2011,-6,6
1124,MIN,CHI,6,2011,1,-1
1125,MIA,NYJ,6,2011,7,-7
1126,SD,STL,6,2010,-9,9
1127,KC,HOU,6,2010,5,-5
1128,BAL,NE,6,2010,3,-3
1129,NO,TB,6,2010,-6,6
1130,ATL,PHI,6,2010,2,-2
1131,DET,NYG,6,2010,10,-10
1132,SEA,CHI,6,2010,6,-6
1133,MIA,GB,6,2010,3,-3
1134,CLE,PIT,6,2010,14,-14
1135,NYJ,DEN,6,2010,-3,3
1136,OAK,SF,6,2010,7,-7
1137,DAL,MIN,6,2010,2,-2
1138,IND,WAS,6,2010,-3,3
1139,TEN,JAC,6,2010,-3,3
1140,KC,WAS,6,2009,7,-7
1141,HOU,CIN,6,2009,4,-4
1142,CLE,PIT,6,2009,14,-14
1143,BAL,MIN,6,2009,3,-3
1144,STL,JAC,6,2009,10,-10
1145,NYG,NO,6,2009,3,-3
1146,CAR,TB,6,2009,-3,3
1147,DET,GB,6,2009,14,-14
1148,PHI,OAK,6,2009,-14,14
1149,ARI,SEA,6,2009,3,-3
1150,BUF,NYJ,6,2009,9,-9
1151,TEN,NE,6,2009,9,-9
1152,CHI,ATL,6,2009,4,-4
1153,DEN,SD,6,2009,3,-3
1154,OAK,NO,6,2008,7,-7
1155,BAL,IND,6,2008,4,-4
1156,CIN,NYJ,6,2008,10,-10
1157,CAR,TB,6,2008,3,-3
1158,DET,MIN,6,2008,13,-13
1159,CHI,ATL,6,2008,-3,3
1160,MIA,HOU,6,2008,3,-3
1161,STL,WAS,6,2008,12,-12
1162,JAC,DEN,6,2008,3,-3
1163,PHI,SF,6,2008,-6,6
1164,DAL,ARI,6,2008,-5,5
1165,GB,SEA,6,2008,0,0
1166,NE,SD,6,2008,6,-6
1167,NYG,CLE,6,2008,-8,8
1168,CIN,KC,6,2007,-3,3
1169,HOU,JAC,6,2007,6,-6
1170,MIA,CLE,6,2007,4,-4
1171,MIN,CHI,6,2007,4,-4
1172,PHI,NYJ,6,2007,-4,4
1173,STL,BAL,6,2007,9,-9
1174,TEN,TB,6,2007,2,-2
1175,WAS,GB,6,2007,3,-3
1176,CAR,ARI,6,2007,6,-6
1177,NE,DAL,6,2007,-5,5
1178,OAK,SD,6,2007,10,-10
1179,NO,SEA,6,2007,6,-6
1180,NYG,ATL,6,2007,-5,5
1181,KC,DEN,7,2019,-3,3
1182,ARI,NYG,7,2019,3.5,-3.5
1183,HOU,IND,7,2019,1.5,-1.5
1184,JAC,CIN,7,2019,-4,4
1185,LAR,ATL,7,2019,-3,3
1186,MIA,BUF,7,2019,17,-17
1187,MIN,DET,7,2019,-2.5,2.5
1188,OAK,GB,7,2019,5.5,-5.5
1189,SF,WAS,7,2019,-10,10
1190,LAC,TEN,7,2019,3,-3
1191,BAL,SEA,7,2019,3,-3
1192,NO,CHI,7,2019,4,-4
1193,PHI,DAL,7,2019,3,-3
1194,NE,NYJ,7,2019,-9.5,9.5
1195,DEN,ARI,7,2018,-1,1
1196,TEN,LAC,7,2018,6.5,-6.5
1197,BUF,IND,7,2018,7,-7
1198,CAR,PHI,7,2018,5,-5
1199,CIN,KC,7,2018,6.5,-6.5
1200,CLE,TB,7,2018,3.5,-3.5
1201,DET,MIA,7,2018,-3,3
1202,HOU,JAC,7,2018,4,-4
1203,MIN,NYJ,7,2018,-3.5,3.5
1204,NE,CHI,7,2018,-1,1
1205,NO,BAL,7,2018,2.5,-2.5
1206,DAL,WAS,7,2018,-1.5,1.5
1207,LAR,SF,7,2018,-8,8
1208,NYG,ATL,7,2018,4.5,-4.5
1209,KC,OAK,7,2017,-3,3
1210,JAC,IND,7,2017,-3,3
1211,ARI,LAR,7,2017,3,-3
1212,TB,BUF,7,2017,3,-3
1213,BAL,MIN,7,2017,5,-5
1214,CIN,PIT,7,2017,4,-4
1215,NYJ,MIA,7,2017,3,-3
1216,CAR,CHI,7,2017,-2.5,2.5
1217,TEN,CLE,7,2017,-5.5,5.5
1218,NO,GB,7,2017,-3.5,3.5
1219,DAL,SF,7,2017,-6.5,6.5
1220,DEN,LAC,7,2017,-1,1
1221,SEA,NYG,7,2017,-4,4
1222,ATL,NE,7,2017,3,-3
1223,WAS,PHI,7,2017,5,-5
1224,CHI,GB,7,2016,7.5,-7.5
1225,NYG,LA,7,2016,-3,3
1226,WAS,DET,7,2016,-1,1
1227,MIN,PHI,7,2016,-2.5,2.5
1228,CLE,CIN,7,2016,11.5,-11.5
1229,IND,TEN,7,2016,4,-4
1230,BAL,NYJ,7,2016,2,-2
1231,OAK,JAC,7,2016,1.5,-1.5
1232,NO,KC,7,2016,6,-6
1233,BUF,MIA,7,2016,-2.5,2.5
1234,SD,ATL,7,2016,4.5,-4.5
1235,TB,SF,7,2016,1,-1
1236,NE,PIT,7,2016,-7.5,7.5
1237,SEA,ARI,7,2016,2.5,-2.5
1238,HOU,DEN,7,2016,8.5,-8.5
1239,SEA,SF,7,2015,-6.5,6.5
1240,BUF,JAC,7,2015,-3.5,3.5
1241,PIT,KC,7,2015,4,-4
1242,HOU,MIA,7,2015,4.5,-4.5
1243,ATL,TEN,7,2015,-5.5,5.5
1244,MIN,DET,7,2015,1,-1
1245,NO,IND,7,2015,5.5,-5.5
1246,NYJ,NE,7,2015,7,-7
1247,CLE,STL,7,2015,6.5,-6.5
1248,TB,WAS,7,2015,3,-3
1249,OAK,SD,7,2015,3.5,-3.5
1250,DAL,NYG,7,2015,3,-3
1251,PHI,CAR,7,2015,3,-3
1252,BAL,ARI,7,2015,10,-10
1253,NYJ,NE,7,2014,9.5,-9.5
1254,ATL,BAL,7,2014,7,-7
1255,TEN,WAS,7,2014,6,-6
1256,SEA,STL,7,2014,-7,7
1257,CLE,JAC,7,2014,-4,4
1258,CIN,IND,7,2014,3,-3
1259,MIN,BUF,7,2014,7,-7
1260,MIA,CHI,7,2014,3,-3
1261,NO,DET,7,2014,1.5,-1.5
1262,CAR,GB,7,2014,6.5,-6.5
1263,KC,SD,7,2014,3,-3
1264,ARI,OAK,7,2014,-3.5,3.5
1265,NYG,DAL,7,2014,5,-5
1266,SF,DEN,7,2014,7,-7
1267,HOU,PIT,7,2014,3,-3
1268,SEA,ARI,7,2013,-5,5
1269,TB,ATL,7,2013,6,-6
1270,CHI,WAS,7,2013,-1,1
1271,DAL,PHI,7,2013,3,-3
1272,NE,NYJ,7,2013,-3.5,3.5
1273,BUF,MIA,7,2013,6,-6
1274,STL,CAR,7,2013,8,-8
1275,CIN,DET,7,2013,2.5,-2.5
1276,SD,JAC,7,2013,-7.5,7.5
1277,HOU,KC,7,2013,7,-7
1278,SF,TEN,7,2013,-3,3
1279,BAL,PIT,7,2013,-2.5,2.5
1280,CLE,GB,7,2013,7.5,-7.5
1281,DEN,IND,7,2013,-6,6
1282,MIN,NYG,7,2013,4,-4
1283,SEA,SF,7,2012,7.5,-7.5
1284,DAL,CAR,7,2012,-2.5,2.5
1285,BAL,HOU,7,2012,6.5,-6.5
1286,CLE,IND,7,2012,1,-1
1287,ARI,MIN,7,2012,7,-7
1288,TEN,BUF,7,2012,4,-4
1289,WAS,NYG,7,2012,6.5,-6.5
1290,NO,TB,7,2012,-1,1
1291,GB,STL,7,2012,-4,4
1292,NYJ,NE,7,2012,11,-11
1293,JAC,OAK,7,2012,6,-6
1294,PIT,CIN,7,2012,-1,1
1295,DET,CHI,7,2012,6.5,-6.5
1296,CHI,TB,7,2011,-1.5,1.5
1297,WAS,CAR,7,2011,1.5,-1.5
1298,SD,NYJ,7,2011,-1,1
1299,SEA,CLE,7,2011,3,-3
1300,HOU,TEN,7,2011,3,-3
1301,DEN,MIA,7,2011,-1,1
1302,ATL,DET,7,2011,4.5,-4.5
1303,KC,OAK,7,2011,3.5,-3.5
1304,PIT,ARI,7,2011,-4,4
1305,STL,DAL,7,2011,14,-14
1306,GB,MIN,7,2011,-10,10
1307,IND,NO,7,2011,13.5,-13.5
1308,BAL,JAC,7,2011,-10,10
1309,PIT,MIA,7,2010,-3,3
1310,CIN,ATL,7,2010,3,-3
1311,JAC,KC,7,2010,9,-9
1312,PHI,TEN,7,2010,3,-3
1313,WAS,CHI,7,2010,3,-3
1314,CLE,NO,7,2010,13,-13
1315,BUF,BAL,7,2010,13,-13
1316,SF,CAR,7,2010,-2,2
1317,STL,TB,7,2010,3,-3
1318,ARI,SEA,7,2010,7,-7
1319,NE,SD,7,2010,3,-3
1320,OAK,DEN,7,2010,7,-7
1321,MIN,GB,7,2010,3,-3
1322,NYG,DAL,7,2010,4,-4
1323,SD,KC,7,2009,-6,6
1324,IND,STL,7,2009,-14,14
1325,GB,CLE,7,2009,-9,9
1326,MIN,PIT,7,2009,6,-6
1327,NE,TB,7,2009,-16,16
1328,SF,HOU,7,2009,3,-3
1329,NYJ,OAK,7,2009,-6,6
1330,BUF,CAR,7,2009,7,-7
1331,CHI,CIN,7,2009,-2,2
1332,NO,MIA,7,2009,-6,6
1333,ATL,DAL,7,2009,5,-5
1334,ARI,NYG,7,2009,8,-8
1335,PHI,WAS,7,2009,-9,9
1336,TEN,KC,7,2008,-9,9
1337,SD,BUF,7,2008,-1,1
1338,PIT,CIN,7,2008,-8,8
1339,BAL,MIA,7,2008,3,-3
1340,DAL,STL,7,2008,-8,8
1341,MIN,CHI,7,2008,3,-3
1342,NO,CAR,7,2008,3,-3
1343,SF,NYG,7,2008,10,-10
1344,DET,HOU,7,2008,11,-11
1345,NYJ,OAK,7,2008,-3,3
1346,CLE,WAS,7,2008,7,-7
1347,IND,GB,7,2008,-3,3
1348,SEA,TB,7,2008,11,-11
1349,DEN,NE,7,2008,3,-3
1350,ARI,WAS,7,2007,8,-8
1351,ATL,NO,7,2007,8,-8
1352,BAL,BUF,7,2007,-3,3
1353,NE,MIA,7,2007,-16,16
1354,SF,NYG,7,2007,10,-10
1355,TB,DET,7,2007,3,-3
1356,TEN,HOU,7,2007,3,-3
1357,KC,OAK,7,2007,2,-2
1358,NYJ,CIN,7,2007,6,-6
1359,MIN,DAL,7,2007,10,-10
1360,CHI,PHI,7,2007,6,-6
1361,STL,SEA,7,2007,8,-8
1362,PIT,DEN,7,2007,-4,4
1363,IND,JAC,7,2007,-3,3
1364,WAS,MIN,8,2019,16.5,-16.5
1365,ARI,NO,8,2019,12.5,-12.5
1366,CIN,LAR,8,2019,12,-12
1367,LAC,CHI,8,2019,3.5,-3.5
1368,NYG,DET,8,2019,6.5,-6.5
1369,NYJ,JAC,8,2019,7,-7
1370,OAK,HOU,8,2019,5,-5
1371,PHI,BUF,8,2019,1,-1
1372,SEA,ATL,8,2019,-7.5,7.5
1373,TB,TEN,8,2019,2,-2
1374,CAR,SF,8,2019,4.5,-4.5
1375,CLE,NE,8,2019,9.5,-9.5
1376,DEN,IND,8,2019,6,-6
1377,GB,KC,8,2019,-5,5
1378,MIA,PIT,8,2019,14,-14
1379,MIA,HOU,8,2018,7.5,-7.5
1380,PHI,JAC,8,2018,-4,4
1381,BAL,CAR,8,2018,-2.5,2.5
1382,CLE,PIT,8,2018,8.5,-8.5
1383,DEN,KC,8,2018,8.5,-8.5
1384,NYJ,CHI,8,2018,8.5,-8.5
1385,SEA,DET,8,2018,3,-3
1386,TB,CIN,8,2018,3.5,-3.5
1387,WAS,NYG,8,2018,-1,1
1388,IND,OAK,8,2018,-3.5,3.5
1389,GB,LAR,8,2018,7.5,-7.5
1390,SF,ARI,8,2018,-2.5,2.5
1391,NO,MIN,8,2018,-2.5,2.5
1392,NE,BUF,8,2018,-13.5,13.5
1393,MIA,BAL,8,2017,3,-3
1394,MIN,CLE,8,2017,-11,11
1395,LAC,NE,8,2017,6.5,-6.5
1396,CHI,NO,8,2017,7.5,-7.5
1397,ATL,NYJ,8,2017,-6.5,6.5
1398,SF,PHI,8,2017,13,-13
1399,CAR,TB,8,2017,1.5,-1.5
1400,OAK,BUF,8,2017,2.5,-2.5
1401,IND,CIN,8,2017,11,-11
1402,HOU,SEA,8,2017,6,-6
1403,DAL,WAS,8,2017,-3,3
1404,PIT,DET,8,2017,-3,3
1405,DEN,KC,8,2017,7,-7
1406,JAC,TEN,8,2016,3,-3
1407,WAS,CIN,8,2016,3,-3
1408,NYJ,CLE,8,2016,-2.5,2.5
1409,SEA,NO,8,2016,-1,1
1410,NE,BUF,8,2016,-5.5,5.5
1411,GB,ATL,8,2016,3,-3
1412,OAK,TB,8,2016,1,-1
1413,KC,IND,8,2016,-3,3
1414,DET,HOU,8,2016,1,-1
1415,SD,DEN,8,2016,3.5,-3.5
1416,ARI,CAR,8,2016,2.5,-2.5
1417,PHI,DAL,8,2016,5,-5
1418,MIN,CHI,8,2016,-5.5,5.5
1419,MIA,NE,8,2015,8,-8
1420,DET,KC,8,2015,3,-3
1421,MIN,CHI,8,2015,-1,1
1422,ARI,CLE,8,2015,-7,7
1423,SD,BAL,8,2015,4.5,-4.5
1424,NYG,NO,8,2015,3,-3
1425,TEN,HOU,8,2015,3.5,-3.5
1426,CIN,PIT,8,2015,1,-1
1427,SF,STL,8,2015,8,-8
1428,TB,ATL,8,2015,8,-8
1429,NYJ,OAK,8,2015,-3,3
1430,SEA,DAL,8,2015,-4.5,4.5
1431,GB,DEN,8,2015,-2.5,2.5
1432,IND,CAR,8,2015,5,-5
1433,SD,DEN,8,2014,9,-9
1434,DET,ATL,8,2014,-3.5,3.5
1435,STL,KC,8,2014,7.5,-7.5
1436,HOU,TEN,8,2014,-3.5,3.5
1437,MIN,TB,8,2014,1,-1
1438,SEA,CAR,8,2014,-6,6
1439,BAL,CIN,8,2014,-2.5,2.5
1440,MIA,JAC,8,2014,-7,7
1441,CHI,NE,8,2014,5.5,-5.5
1442,BUF,NYJ,8,2014,3,-3
1443,PHI,ARI,8,2014,1,-1
1444,OAK,CLE,8,2014,6.5,-6.5
1445,IND,PIT,8,2014,-5,5
1446,GB,NO,8,2014,2,-2
1447,WAS,DAL,8,2014,9.5,-9.5
1448,CAR,TB,8,2013,-6.5,6.5
1449,SF,JAC,8,2013,-16,16
1450,CLE,KC,8,2013,7,-7
1451,MIA,NE,8,2013,6.5,-6.5
1452,BUF,NO,8,2013,10.5,-10.5
1453,DAL,DET,8,2013,3,-3
1454,NYG,PHI,8,2013,5.5,-5.5
1455,NYJ,CIN,8,2013,6,-6
1456,PIT,OAK,8,2013,-2.5,2.5
1457,ATL,ARI,8,2013,2.5,-2.5
1458,WAS,DEN,8,2013,11,-11
1459,GB,MIN,8,2013,-7,7
1460,SEA,STL,8,2013,-13,13
1461,TB,MIN,8,2012,5,-5
1462,SD,CLE,8,2012,-2.5,2.5
1463,SEA,DET,8,2012,3,-3
1464,JAC,GB,8,2012,15,-15
1465,MIA,NYJ,8,2012,1,-1
1466,CAR,CHI,8,2012,7,-7
1467,ATL,PHI,8,2012,1.5,-1.5
1468,IND,TEN,8,2012,3.5,-3.5
1469,NE,STL,8,2012,-7.5,7.5
1470,WAS,PIT,8,2012,4.5,-4.5
1471,OAK,KC,8,2012,1,-1
1472,NYG,DAL,8,2012,-1.5,1.5
1473,NO,DEN,8,2012,6.5,-6.5
1474,SF,ARI,8,2012,-7.5,7.5
1475,IND,TEN,8,2011,9,-9
1476,JAC,HOU,8,2011,9.5,-9.5
1477,MIN,CAR,8,2011,3.5,-3.5
1478,NO,STL,8,2011,-13.5,13.5
1479,ARI,BAL,8,2011,12.5,-12.5
1480,MIA,NYG,8,2011,9.5,-9.5
1481,WAS,BUF,8,2011,4.5,-4.5
1482,DET,DEN,8,2011,-3,3
1483,NE,PIT,8,2011,-2.5,2.5
1484,CLE,SF,8,2011,9,-9
1485,CIN,SEA,8,2011,-1,1
1486,DAL,PHI,8,2011,3,-3
1487,SD,KC,8,2011,-3,3
1488,DEN,SF,8,2010,2,-2
1489,JAC,DAL,8,2010,7,-7
1490,WAS,DET,8,2010,3,-3
1491,GB,NYJ,8,2010,7,-7
1492,CAR,STL,8,2010,3,-3
1493,MIA,CIN,8,2010,-1,1
1494,BUF,KC,8,2010,7,-7
1495,TEN,SD,8,2010,6,-6
1496,TB,ARI,8,2010,3,-3
1497,SEA,OAK,8,2010,2,-2
1498,MIN,NE,8,2010,5,-5
1499,PIT,NO,8,2010,1,-1
1500,HOU,IND,8,2010,5,-5
1501,DEN,BAL,8,2009,5,-5
1502,CLE,CHI,8,2009,11,-11
1503,HOU,BUF,8,2009,-3,3
1504,SF,IND,8,2009,13,-13
1505,MIA,NYJ,8,2009,4,-4
1506,STL,DET,8,2009,3,-3
1507,SEA,DAL,8,2009,10,-10
1508,NYG,PHI,8,2009,-3,3
1509,OAK,SD,8,2009,16,-16
1510,JAC,TEN,8,2009,3,-3
1511,MIN,GB,8,2009,3,-3
1512,CAR,ARI,8,2009,10,-10
1513,ATL,NO,8,2009,11,-11
1514,OAK,BAL,8,2008,9,-9
1515,SD,NO,8,2008,-3,3
1516,KC,NYJ,8,2008,14,-14
1517,BUF,MIA,8,2008,1,-1
1518,TB,DAL,8,2008,2,-2
1519,ATL,PHI,8,2008,10,-10
1520,STL,NE,8,2008,9,-9
1521,ARI,CAR,8,2008,5,-5
1522,WAS,DET,8,2008,-7,7
1523,CLE,JAC,8,2008,7,-7
1524,CIN,HOU,8,2008,9,-9
1525,NYG,PIT,8,2008,3,-3
1526,SEA,SF,8,2008,6,-6
1527,IND,TEN,8,2008,4,-4
1528,CLE,STL,8,2007,-3,3
1529,DET,CHI,8,2007,6,-6
1530,IND,CAR,8,2007,-7,7
1531,NYG,MIA,8,2007,-10,10
1532,PHI,MIN,8,2007,0,0
1533,PIT,CIN,8,2007,-4,4
1534,OAK,TEN,8,2007,7,-7
1535,BUF,NYJ,8,2007,3,-3
1536,HOU,SD,8,2007,10,-10
1537,JAC,TB,8,2007,4,-4
1538,NO,SF,8,2007,-2,2
1539,WAS,NE,8,2007,15,-15
1540,GB,DEN,8,2007,3,-3
1541,SF,ARI,9,2019,-10.5,10.5
1542,HOU,JAC,9,2019,1,-1
1543,CHI,PHI,9,2019,5,-5
1544,IND,PIT,9,2019,1,-1
1545,MIN,KC,9,2019,-5.5,5.5
1546,NYJ,MIA,9,2019,-3.5,3.5
1547,TEN,CAR,9,2019,3.5,-3.5
1548,WAS,BUF,9,2019,10.5,-10.5
1549,DET,OAK,9,2019,2.5,-2.5
1550,TB,SEA,9,2019,4,-4
1551,CLE,DEN,9,2019,-4,4
1552,GB,LAC,9,2019,-4,4
1553,NE,BAL,9,2019,-3,3
1554,DAL,NYG,9,2019,-6.5,6.5
1555,OAK,SF,9,2018,-1.5,1.5
1556,CHI,BUF,9,2018,-10.5,10.5
1557,PIT,BAL,9,2018,1.5,-1.5
1558,ATL,WAS,9,2018,1.5,-1.5
1559,DET,MIN,9,2018,4.5,-4.5
1560,KC,CLE,9,2018,-7.5,7.5
1561,NYJ,MIA,9,2018,3,-3
1562,TB,CAR,9,2018,6,-6
1563,HOU,DEN,9,2018,1,-1
1564,LAC,SEA,9,2018,1,-1
1565,LAR,NO,9,2018,-2.5,2.5
1566,GB,NE,9,2018,5,-5
1567,TEN,DAL,9,2018,4.5,-4.5
1568,BUF,NYJ,9,2017,-3,3
1569,IND,HOU,9,2017,6,-6
1570,ATL,CAR,9,2017,-3,3
1571,BAL,TEN,9,2017,3,-3
1572,TB,NO,9,2017,7,-7
1573,CIN,JAC,9,2017,6,-6
1574,LAR,NYG,9,2017,-5.5,5.5
1575,DEN,PHI,9,2017,7,-7
1576,WAS,SEA,9,2017,8,-8
1577,ARI,SF,9,2017,-2.5,2.5
1578,KC,DAL,9,2017,2,-2
1579,OAK,MIA,9,2017,-3,3
1580,DET,GB,9,2017,-2.5,2.5
1581,ATL,TB,9,2016,-4.5,4.5
1582,DAL,CLE,9,2016,-7,7
1583,PIT,BAL,9,2016,-3.5,3.5
1584,PHI,NYG,9,2016,3,-3
1585,DET,MIN,9,2016,4,-4
1586,NYJ,MIA,9,2016,3.5,-3.5
1587,JAC,KC,9,2016,7,-7
1588,NO,SF,9,2016,-5,5
1589,CAR,LA,9,2016,-3,3
1590,TEN,SD,9,2016,3.5,-3.5
1591,IND,GB,9,2016,7.5,-7.5
1592,DEN,OAK,9,2016,1,-1
1593,BUF,SEA,9,2016,5.5,-5.5
1594,CLE,CIN,9,2015,13,-13
1595,OAK,PIT,9,2015,6,-6
1596,GB,CAR,9,2015,-2,2
1597,WAS,NE,9,2015,13.5,-13.5
1598,TEN,NO,9,2015,7,-7
1599,JAC,NYJ,9,2015,7.5,-7.5
1600,STL,MIN,9,2015,2,-2
1601,MIA,BUF,9,2015,4,-4
1602,ATL,SF,9,2015,-9.5,9.5
1603,NYG,TB,9,2015,-1.5,1.5
1604,DEN,IND,9,2015,-3.5,3.5
1605,PHI,DAL,9,2015,-3,3
1606,CHI,SD,9,2015,3.5,-3.5
1607,NO,CAR,9,2014,-3,3
1608,TB,CLE,9,2014,7,-7
1609,ARI,DAL,9,2014,1.5,-1.5
1610,PHI,HOU,9,2014,-1.5,1.5
1611,NYJ,KC,9,2014,9.5,-9.5
1612,JAC,CIN,9,2014,10,-10
1613,SD,MIA,9,2014,3,-3
1614,WAS,MIN,9,2014,-1,1
1615,STL,SF,9,2014,10.5,-10.5
1616,DEN,NE,9,2014,-3,3
1617,OAK,SEA,9,2014,13.5,-13.5
1618,BAL,PIT,9,2014,2.5,-2.5
1619,IND,NYG,9,2014,-3,3
1620,CIN,MIA,9,2013,-3,3
1621,ATL,CAR,9,2013,10,-10
1622,MIN,DAL,9,2013,10,-10
1623,NO,NYJ,9,2013,-6,6
1624,TEN,STL,9,2013,-3,3
1625,KC,BUF,9,2013,-4.5,4.5
1626,SD,WAS,9,2013,1,-1
1627,PHI,OAK,9,2013,-1,1
1628,TB,SEA,9,2013,16,-16
1629,BAL,CLE,9,2013,-1,1
1630,PIT,NE,9,2013,5.5,-5.5
1631,IND,HOU,9,2013,-1,1
1632,CHI,GB,9,2013,10.5,-10.5
1633,KC,SD,9,2012,7.5,-7.5
1634,BAL,CLE,9,2012,-3.5,3.5
1635,ARI,GB,9,2012,10.5,-10.5
1636,BUF,HOU,9,2012,11,-11
1637,MIA,IND,9,2012,-2.5,2.5
1638,DEN,CIN,9,2012,-5,5
1639,DET,JAC,9,2012,-6,6
1640,CAR,WAS,9,2012,3,-3
1641,CHI,TEN,9,2012,-4.5,4.5
1642,TB,OAK,9,2012,1,-1
1643,MIN,SEA,9,2012,4.5,-4.5
1644,PIT,NYG,9,2012,3.5,-3.5
1645,DAL,ATL,9,2012,4.5,-4.5
1646,PHI,NO,9,2012,2.5,-2.5
1647,ATL,IND,9,2011,-6.5,6.5
1648,TB,NO,9,2011,9,-9
1649,CLE,HOU,9,2011,10.5,-10.5
1650,NYJ,BUF,9,2011,2.5,-2.5
1651,MIA,KC,9,2011,4,-4
1652,SF,WAS,9,2011,-4,4
1653,SEA,DAL,9,2011,11,-11
1654,DEN,OAK,9,2011,7,-7
1655,CIN,TEN,9,2011,1.5,-1.5
1656,STL,ARI,9,2011,2.5,-2.5
1657,NYG,NE,9,2011,9,-9
1658,GB,SD,9,2011,-5.5,5.5
1659,BAL,PIT,9,2011,3,-3
1660,CHI,PHI,9,2011,9,-9
1661,CHI,BUF,9,2010,-3,3
1662,SD,HOU,9,2010,-3,3
1663,NO,CAR,9,2010,-6,6
1664,ARI,MIN,9,2010,7,-7
1665,TB,ATL,9,2010,10,-10
1666,NYJ,DET,9,2010,-6,6
1667,MIA,BAL,9,2010,5,-5
1668,NE,CLE,9,2010,-4,4
1669,NYG,SEA,9,2010,-7,7
1670,KC,OAK,9,2010,0,0
1671,IND,PHI,9,2010,3,-3
1672,DAL,GB,9,2010,8,-8
1673,PIT,CIN,9,2010,-5,5
1674,KC,JAC,9,2009,7,-7
1675,BAL,CIN,9,2009,-3,3
1676,HOU,IND,9,2009,8,-8
1677,WAS,ATL,9,2009,9,-9
1678,GB,TB,9,2009,-10,10
1679,ARI,CHI,9,2009,3,-3
1680,MIA,NE,9,2009,11,-11
1681,CAR,NO,9,2009,12,-12
1682,DET,SEA,9,2009,11,-11
1683,TEN,SF,9,2009,4,-4
1684,SD,NYG,9,2009,5,-5
1685,DAL,PHI,9,2009,3,-3
1686,PIT,DEN,9,2009,-3,3
1687,HOU,MIN,9,2008,6,-6
1688,JAC,CIN,9,2008,-7,7
1689,TB,KC,9,2008,-10,10
1690,BAL,CLE,9,2008,3,-3
1691,NYJ,BUF,9,2008,6,-6
1692,ARI,STL,9,2008,-3,3
1693,DET,CHI,9,2008,13,-13
1694,GB,TEN,9,2008,3,-3
1695,MIA,DEN,9,2008,4,-4
1696,ATL,OAK,9,2008,-3,3
1697,DAL,NYG,9,2008,9,-9
1698,PHI,SEA,9,2008,-7,7
1699,NE,IND,9,2008,7,-7
1700,PIT,WAS,9,2008,3,-3
1701,WAS,NYJ,9,2007,-4,4
1702,GB,KC,9,2007,3,-3
1703,ARI,TB,9,2007,3,-3
1704,CAR,TEN,9,2007,6,-6
1705,SF,ATL,9,2007,4,-4
1706,DEN,DET,9,2007,3,-3
1707,CIN,BUF,9,2007,-2,2
1708,SD,MIN,9,2007,-7,7
1709,JAC,NO,9,2007,4,-4
1710,SEA,CLE,9,2007,2,-2
1711,NE,IND,9,2007,-4,4
1712,HOU,OAK,9,2007,3,-3
1713,DAL,PHI,9,2007,-3,3
1714,BAL,PIT,9,2007,9,-9
1715,LAC,OAK,10,2019,-1,1
1716,ARI,TB,10,2019,5.5,-5.5
1717,ATL,NO,10,2019,14,-14
1718,BAL,CIN,10,2019,-10.5,10.5
1719,BUF,CLE,10,2019,3,-3
1720,CAR,GB,10,2019,5,-5
1721,DET,CHI,10,2019,6,-6
1722,KC,TEN,10,2019,-5,5
1723,NYG,NYJ,10,2019,-3,3
1724,MIA,IND,10,2019,11,-11
1725,LAR,PIT,10,2019,-4,4
1726,MIN,DAL,10,2019,3.5,-3.5
1727,SEA,SF,10,2019,6.5,-6.5
1728,CAR,PIT,10,2018,3.5,-3.5
1729,ARI,KC,10,2018,16.5,-16.5
1730,BUF,NYJ,10,2018,6.5,-6.5
1731,JAC,IND,10,2018,3,-3
1732,NE,TEN,10,2018,-6,6
1733,NO,CIN,10,2018,-5.5,5.5
1734,WAS,TB,10,2018,3.5,-3.5
1735,ATL,CLE,10,2018,-5.5,5.5
1736,DET,CHI,10,2018,7.5,-7.5
1737,MIA,GB,10,2018,13,-13
1738,LAC,OAK,10,2018,-10.5,10.5
1739,SEA,LAR,10,2018,10,-10
1740,DAL,PHI,10,2018,7.5,-7.5
1741,NYG,SF,10,2018,3,-3
1742,SEA,ARI,10,2017,-6,6
1743,LAC,JAC,10,2017,5,-5
1744,NYJ,TB,10,2017,1,-1
1745,NO,BUF,10,2017,-2,2
1746,MIN,WAS,10,2017,-1,1
1747,CIN,TEN,10,2017,4.5,-4.5
1748,GB,CHI,10,2017,4.5,-4.5
1749,CLE,DET,10,2017,10.5,-10.5
1750,PIT,IND,10,2017,-10.5,10.5
1751,HOU,LAR,10,2017,12,-12
1752,DAL,ATL,10,2017,3.5,-3.5
1753,NYG,SF,10,2017,-3,3
1754,NE,DEN,10,2017,-7,7
1755,MIA,CAR,10,2017,8,-8
1756,CLE,BAL,10,2016,7.5,-7.5
1757,HOU,JAC,10,2016,3,-3
1758,KC,CAR,10,2016,3,-3
1759,LA,NYJ,10,2016,-1,1
1760,ATL,PHI,10,2016,2,-2
1761,GB,TEN,10,2016,-3,3
1762,MIN,WAS,10,2016,2.5,-2.5
1763,CHI,TB,10,2016,-2.5,2.5
1764,DEN,NO,10,2016,3,-3
1765,MIA,SD,10,2016,4,-4
1766,SF,ARI,10,2016,14,-14
1767,DAL,PIT,10,2016,3,-3
1768,SEA,NE,10,2016,7.5,-7.5
1769,CIN,NYG,10,2016,-1,1
1770,BUF,NYJ,10,2015,2.5,-2.5
1771,DET,GB,10,2015,10.5,-10.5
1772,JAC,BAL,10,2015,4,-4
1773,CHI,STL,10,2015,7.5,-7.5
1774,CLE,PIT,10,2015,7,-7
1775,CAR,TEN,10,2015,-3.5,3.5
1776,NO,WAS,10,2015,-1,1
1777,DAL,TB,10,2015,-1,1
1778,MIA,PHI,10,2015,5.5,-5.5
1779,MIN,OAK,10,2015,3,-3
1780,KC,DEN,10,2015,4,-4
1781,NE,NYG,10,2015,-7,7
1782,ARI,SEA,10,2015,3,-3
1783,HOU,CIN,10,2015,10,-10
1784,CLE,CIN,10,2014,6.5,-6.5
1785,KC,BUF,10,2014,2,-2
1786,MIA,DET,10,2014,3,-3
1787,DAL,JAC,10,2014,-7.5,7.5
1788,SF,NO,10,2014,6,-6
1789,TEN,BAL,10,2014,10.5,-10.5
1790,PIT,NYJ,10,2014,-4.5,4.5
1791,ATL,TB,10,2014,-3.5,3.5
1792,DEN,OAK,10,2014,-13,13
1793,STL,ARI,10,2014,7,-7
1794,NYG,SEA,10,2014,9,-9
1795,CHI,GB,10,2014,9.5,-9.5
1796,CAR,PHI,10,2014,7,-7
1797,WAS,MIN,10,2013,-1,1
1798,CIN,BAL,10,2013,1,-1
1799,DET,CHI,10,2013,-1,1
1800,PHI,GB,10,2013,-1,1
1801,STL,IND,10,2013,7.5,-7.5
1802,SEA,ATL,10,2013,-3.5,3.5
1803,OAK,NYG,10,2013,7.5,-7.5
1804,JAC,TEN,10,2013,11.5,-11.5
1805,BUF,PIT,10,2013,3,-3
1806,CAR,SF,10,2013,6,-6
1807,HOU,ARI,10,2013,4,-4
1808,DEN,SD,10,2013,-7,7
1809,DAL,NO,10,2013,6,-6
1810,MIA,TB,10,2013,-1,1
1811,IND,JAC,10,2012,-3,3
1812,DEN,CAR,10,2012,-3.5,3.5
1813,NYG,CIN,10,2012,-3.5,3.5
1814,TEN,MIA,10,2012,6.5,-6.5
1815,DET,MIN,10,2012,-3,3
1816,OAK,BAL,10,2012,7.5,-7.5
1817,BUF,NE,10,2012,13.5,-13.5
1818,SD,TB,10,2012,3,-3
1819,ATL,NO,10,2012,-1,1
1820,NYJ,SEA,10,2012,5.5,-5.5
1821,DAL,PHI,10,2012,-1,1
1822,STL,SF,10,2012,13,-13
1823,HOU,CHI,10,2012,1,-1
1824,KC,PIT,10,2012,12.5,-12.5
1825,OAK,SD,10,2011,7,-7
1826,PIT,CIN,10,2011,-3.5,3.5
1827,DEN,KC,10,2011,3,-3
1828,JAC,IND,10,2011,-3,3
1829,BUF,DAL,10,2011,4.5,-4.5
1830,HOU,TB,10,2011,-3.5,3.5
1831,TEN,CAR,10,2011,3.5,-3.5
1832,WAS,MIA,10,2011,4,-4
1833,NO,ATL,10,2011,1,-1
1834,STL,CLE,10,2011,2.5,-2.5
1835,BAL,SEA,10,2011,-7,7
1836,DET,CHI,10,2011,2.5,-2.5
1837,NYG,SF,10,2011,4,-4
1838,NE,NYJ,10,2011,2.5,-2.5
1839,ARI,PHI,10,2011,13.5,-13.5
1840,MIN,GB,10,2011,12.5,-12.5
1841,BAL,ATL,10,2010,2,-2
1842,CIN,IND,10,2010,7,-7
1843,HOU,JAC,10,2010,0,0
1844,TEN,MIA,10,2010,2,-2
1845,MIN,CHI,10,2010,0,0
1846,DET,BUF,10,2010,2,-2
1847,NYJ,CLE,10,2010,-3,3
1848,CAR,TB,10,2010,7,-7
1849,KC,DEN,10,2010,0,0
1850,STL,SF,10,2010,5,-5
1851,SEA,ARI,10,2010,3,-3
1852,DAL,NYG,10,2010,13,-13
1853,NE,PIT,10,2010,4,-4
1854,PHI,WAS,10,2010,-3,3
1855,CHI,SF,10,2009,3,-3
1856,JAC,NYJ,10,2009,7,-7
1857,DEN,WAS,10,2009,-3,3
1858,CIN,PIT,10,2009,7,-7
1859,BUF,TEN,10,2009,8,-8
1860,DET,MIN,10,2009,17,-17
1861,NO,STL,10,2009,-14,14
1862,ATL,CAR,10,2009,-1,1
1863,TB,MIA,10,2009,10,-10
1864,KC,OAK,10,2009,3,-3
1865,SEA,ARI,10,2009,8,-8
1866,PHI,SD,10,2009,1,-1
1867,DAL,GB,10,2009,-3,3
1868,NE,IND,10,2009,3,-3
1869,BAL,CLE,10,2009,-11,11
1870,DEN,CLE,10,2008,3,-3
1871,JAC,DET,10,2008,-6,6
1872,TEN,CHI,10,2008,-3,3
1873,BUF,NE,10,2008,4,-4
1874,NO,ATL,10,2008,2,-2
1875,STL,NYJ,10,2008,10,-10
1876,SEA,MIA,10,2008,8,-8
1877,GB,MIN,10,2008,3,-3
1878,BAL,HOU,10,2008,3,-3
1879,CAR,OAK,10,2008,-10,10
1880,KC,SD,10,2008,15,-15
1881,IND,PIT,10,2008,3,-3
1882,NYG,PHI,10,2008,3,-3
1883,SF,ARI,10,2008,10,-10
1884,JAC,TEN,10,2007,5,-5
1885,DEN,KC,10,2007,3,-3
1886,BUF,MIA,10,2007,-3,3
1887,CLE,PIT,10,2007,9,-9
1888,STL,NO,10,2007,10,-10
1889,ATL,CAR,10,2007,3,-3
1890,PHI,WAS,10,2007,3,-3
1891,MIN,GB,10,2007,6,-6
1892,CIN,BAL,10,2007,3,-3
1893,CHI,OAK,10,2007,-4,4
1894,DAL,NYG,10,2007,-2,2
1895,DET,ARI,10,2007,3,-3
1896,IND,SD,10,2007,-4,4
1897,SF,SEA,10,2007,9,-9
1898,PIT,CLE,11,2019,3,-3
1899,ATL,CAR,11,2019,3.5,-3.5
1900,BUF,MIA,11,2019,-7,7
1901,DAL,DET,11,2019,-7.5,7.5
1902,DEN,MIN,11,2019,10,-10
1903,HOU,BAL,11,2019,4,-4
1904,JAC,IND,11,2019,2.5,-2.5
1905,NO,TB,11,2019,-5,5
1906,NYJ,WAS,11,2019,1,-1
1907,ARI,SF,11,2019,10,-10
1908,CIN,OAK,11,2019,13,-13
1909,NE,PHI,11,2019,-4.5,4.5
1910,CHI,LAR,11,2019,5,-5
1911,KC,LAC,11,2019,-5.5,5.5
1912,GB,SEA,11,2018,3,-3
1913,CAR,DET,11,2018,-4,4
1914,CIN,BAL,11,2018,6.5,-6.5
1915,DAL,ATL,11,2018,3.5,-3.5
1916,HOU,WAS,11,2018,-3,3
1917,MIN,CHI,11,2018,2.5,-2.5
1918,PHI,NO,11,2018,7,-7
1919,TB,NYG,11,2018,3,-3
1920,TEN,IND,11,2018,2,-2
1921,DEN,LAC,11,2018,7.5,-7.5
1922,OAK,ARI,11,2018,4.5,-4.5
1923,PIT,JAC,11,2018,-4,4
1924,KC,LAR,11,2018,3,-3
1925,TEN,PIT,11,2017,7,-7
1926,LAR,MIN,11,2017,1,-1
1927,DET,CHI,11,2017,-3,3
1928,KC,NYG,11,2017,-10,10
1929,WAS,NO,11,2017,9.5,-9.5
1930,JAC,CLE,11,2017,-7.5,7.5
1931,BAL,GB,11,2017,-2.5,2.5
1932,ARI,HOU,11,2017,2.5,-2.5
1933,BUF,LAC,11,2017,7,-7
1934,CIN,DEN,11,2017,2.5,-2.5
1935,NE,OAK,11,2017,-7,7
1936,PHI,DAL,11,2017,-6,6
1937,ATL,SEA,11,2017,1,-1
1938,NO,CAR,11,2016,3.5,-3.5
1939,CHI,NYG,11,2016,7,-7
1940,ARI,MIN,11,2016,2,-2
1941,BAL,DAL,11,2016,7,-7
1942,TEN,IND,11,2016,3,-3
1943,BUF,CIN,11,2016,2.5,-2.5
1944,PIT,CLE,11,2016,-8,8
1945,JAC,DET,11,2016,5.5,-5.5
1946,TB,KC,11,2016,7,-7
1947,MIA,LA,11,2016,1,-1
1948,PHI,SEA,11,2016,6.5,-6.5
1949,NE,SF,11,2016,-10.5,10.5
1950,GB,WAS,11,2016,2.5,-2.5
1951,HOU,OAK,11,2016,6.5,-6.5
1952,TEN,JAC,11,2015,3,-3
1953,STL,BAL,11,2015,3,-3
1954,WAS,CAR,11,2015,7,-7
1955,DEN,CHI,11,2015,-2.5,2.5
1956,OAK,DET,11,2015,-2,2
1957,GB,MIN,11,2015,-1,1
1958,IND,ATL,11,2015,3.5,-3.5
1959,DAL,MIA,11,2015,-2.5,2.5
1960,TB,PHI,11,2015,7,-7
1961,NYJ,HOU,11,2015,-4,4
1962,CIN,ARI,11,2015,4,-4
1963,SF,SEA,11,2015,14,-14
1964,KC,SD,11,2015,-3,3
1965,BUF,NE,11,2015,7,-7
1966,BUF,MIA,11,2014,4,-4
1967,MIN,CHI,11,2014,2.5,-2.5
1968,HOU,CLE,11,2014,4.5,-4.5
1969,PHI,GB,11,2014,4.5,-4.5
1970,SEA,KC,11,2014,-1,1
1971,ATL,CAR,11,2014,-2.5,2.5
1972,CIN,NO,11,2014,8.5,-8.5
1973,TB,WAS,11,2014,6.5,-6.5
1974,DEN,STL,11,2014,-8,8
1975,SF,NYG,11,2014,-4,4
1976,OAK,SD,11,2014,10,-10
1977,DET,ARI,11,2014,-1,1
1978,NE,IND,11,2014,3,-3
1979,PIT,TEN,11,2014,-7,7
1980,IND,TEN,11,2013,-2.5,2.5
1981,NYJ,BUF,11,2013,-1,1
1982,ATL,TB,11,2013,1,-1
1983,DET,PIT,11,2013,-3,3
1984,WAS,PHI,11,2013,4.5,-4.5
1985,SD,MIA,11,2013,-2.5,2.5
1986,BAL,CHI,11,2013,4,-4
1987,CLE,CIN,11,2013,4,-4
1988,OAK,HOU,11,2013,10.5,-10.5
1989,ARI,JAC,11,2013,-9.5,9.5
1990,KC,DEN,11,2013,7.5,-7.5
1991,MIN,SEA,11,2013,13,-13
1992,SF,NO,11,2013,3.5,-3.5
1993,GB,NYG,11,2013,3.5,-3.5
1994,NE,CAR,11,2013,3,-3
1995,MIA,BUF,11,2012,1,-1
1996,TB,CAR,11,2012,-1,1
1997,CLE,DAL,11,2012,7,-7
1998,GB,DET,11,2012,-3,3
1999,JAC,HOU,11,2012,15,-15
2000,ARI,ATL,11,2012,9.5,-9.5
2001,CIN,KC,11,2012,-3,3
2002,PHI,WAS,11,2012,3.5,-3.5
2003,NYJ,STL,11,2012,3.5,-3.5
2004,IND,NE,11,2012,10,-10
2005,NO,OAK,11,2012,-6,6
2006,SD,DEN,11,2012,7.5,-7.5
2007,BAL,PIT,11,2012,-3,3
2008,CHI,SF,11,2012,3.5,-3.5
2009,NYJ,DEN,11,2011,-6,6
2010,BUF,MIA,11,2011,3,-3
2011,CIN,BAL,11,2011,7,-7
2012,JAC,CLE,11,2011,1,-1
2013,OAK,MIN,11,2011,1,-1
2014,CAR,DET,11,2011,7,-7
2015,TB,GB,11,2011,13.5,-13.5
2016,DAL,WAS,11,2011,-7,7
2017,ARI,SF,11,2011,10,-10
2018,SEA,STL,11,2011,3,-3
2019,TEN,ATL,11,2011,6,-6
2020,SD,CHI,11,2011,4.5,-4.5
2021,PHI,NYG,11,2011,6,-6
2022,KC,NE,11,2011,17,-17
2023,CHI,MIA,11,2010,3,-3
2024,OAK,PIT,11,2010,7,-7
2025,HOU,NYJ,11,2010,7,-7
2026,BAL,CAR,11,2010,-13,13
2027,WAS,TEN,11,2010,7,-7
2028,DET,DAL,11,2010,6,-6
2029,GB,MIN,11,2010,-3,3
2030,BUF,CIN,11,2010,4,-4
2031,CLE,JAC,11,2010,3,-3
2032,ARI,KC,11,2010,7,-7
2033,SEA,NO,11,2010,11,-11
2034,ATL,STL,11,2010,-3,3
2035,TB,SF,11,2010,4,-4
2036,IND,NE,11,2010,4,-4
2037,NYG,PHI,11,2010,3,-3
2038,DEN,SD,11,2010,9,-9
2039,MIA,CAR,11,2009,3,-3
2040,CLE,DET,11,2009,3,-3
2041,BUF,JAC,11,2009,9,-9
2042,PIT,KC,11,2009,-11,11
2043,IND,BAL,11,2009,-1,1
2044,ATL,NYG,11,2009,8,-8
2045,SF,GB,11,2009,6,-6
2046,SEA,MIN,11,2009,11,-11
2047,WAS,DAL,11,2009,11,-11
2048,NO,TB,11,2009,-11,11
2049,ARI,STL,11,2009,-9,9
2050,NYJ,NE,11,2009,11,-11
2051,CIN,OAK,11,2009,-9,9
2052,SD,DEN,11,2009,-6,6
2053,PHI,CHI,11,2009,-3,3
2054,TEN,HOU,11,2009,3,-3
2055,NYJ,NE,11,2008,3,-3
2056,DEN,ATL,11,2008,7,-7
2057,OAK,MIA,11,2008,10,-10
2058,BAL,NYG,11,2008,7,-7
2059,HOU,IND,11,2008,8,-8
2060,CHI,GB,11,2008,4,-4
2061,PHI,CIN,11,2008,-9,9
2062,NO,KC,11,2008,-6,6
2063,DET,CAR,11,2008,14,-14
2064,MIN,TB,11,2008,5,-5
2065,STL,SF,11,2008,7,-7
2066,ARI,SEA,11,2008,-3,3
2067,TEN,JAC,11,2008,-3,3
2068,SD,PIT,11,2008,5,-5
2069,DAL,WAS,11,2008,-2,2
2070,CLE,BUF,11,2008,5,-5
2071,SD,JAC,11,2007,3,-3
2072,KC,IND,11,2007,15,-15
2073,OAK,MIN,11,2007,5,-5
2074,CLE,BAL,11,2007,-1,1
2075,TB,ATL,11,2007,-3,3
2076,ARI,CIN,11,2007,3,-3
2077,MIA,PHI,11,2007,10,-10
2078,CAR,GB,11,2007,10,-10
2079,NYG,DET,11,2007,-3,3
2080,NO,HOU,11,2007,2,-2
2081,PIT,NYJ,11,2007,-9,9
2082,WAS,DAL,11,2007,11,-11
2083,STL,SF,11,2007,-3,3
2084,CHI,SEA,11,2007,6,-6
2085,NE,BUF,11,2007,-16,16
2086,TEN,DEN,11,2007,1,-1
2087,IND,HOU,12,2019,3.5,-3.5
2088,CAR,NO,12,2019,10,-10
2089,DEN,BUF,12,2019,3.5,-3.5
2090,DET,WAS,12,2019,-4,4
2091,MIA,CLE,12,2019,11,-11
2092,NYG,CHI,12,2019,6,-6
2093,OAK,NYJ,12,2019,-3.5,3.5
2094,PIT,CIN,12,2019,-5.5,5.5
2095,TB,ATL,12,2019,3.5,-3.5
2096,JAC,TEN,12,2019,4.5,-4.5
2097,DAL,NE,12,2019,5.5,-5.5
2098,GB,SF,12,2019,3,-3
2099,SEA,PHI,12,2019,-1,1
2100,BAL,LAR,12,2019,-3.5,3.5
2101,CHI,DET,12,2018,-3,3
2102,WAS,DAL,12,2018,7,-7
2103,ATL,NO,12,2018,11.5,-11.5
2104,CLE,CIN,12,2018,-1,1
2105,JAC,BUF,12,2018,-3,3
2106,MIA,IND,12,2018,9,-9
2107,NE,NYJ,12,2018,-13,13
2108,NYG,PHI,12,2018,4.5,-4.5
2109,OAK,BAL,12,2018,13,-13
2110,SEA,CAR,12,2018,3,-3
2111,SF,TB,12,2018,1.5,-1.5
2112,ARI,LAC,12,2018,14,-14
2113,PIT,DEN,12,2018,-3,3
2114,GB,MIN,12,2018,4,-4
2115,TEN,HOU,12,2018,3.5,-3.5
2116,MIN,DET,12,2017,-2.5,2.5
2117,LAC,DAL,12,2017,-1,1
2118,NYG,WAS,12,2017,7,-7
2119,BUF,KC,12,2017,8.5,-8.5
2120,MIA,NE,12,2017,17,-17
2121,CAR,NYJ,12,2017,-5.5,5.5
2122,CHI,PHI,12,2017,14,-14
2123,TB,ATL,12,2017,10.5,-10.5
2124,CLE,CIN,12,2017,7.5,-7.5
2125,TEN,IND,12,2017,-3,3
2126,NO,LAR,12,2017,2.5,-2.5
2127,SEA,SF,12,2017,-7,7
2128,DEN,OAK,12,2017,3.5,-3.5
2129,JAC,ARI,12,2017,-6.5,6.5
2130,GB,PIT,12,2017,14,-14
2131,HOU,BAL,12,2017,7.5,-7.5
2132,MIN,DET,12,2016,2,-2
2133,WAS,DAL,12,2016,5.5,-5.5
2134,PIT,IND,12,2016,-8,8
2135,NYG,CLE,12,2016,-6.5,6.5
2136,SF,MIA,12,2016,7,-7
2137,LA,NO,12,2016,7.5,-7.5
2138,TEN,CHI,12,2016,-6.5,6.5
2139,JAC,BUF,12,2016,8.5,-8.5
2140,ARI,ATL,12,2016,3.5,-3.5
2141,CIN,BAL,12,2016,3.5,-3.5
2142,SD,HOU,12,2016,-2.5,2.5
2143,SEA,TB,12,2016,-5,5
2144,KC,DEN,12,2016,3.5,-3.5
2145,CAR,OAK,12,2016,3.5,-3.5
2146,NE,NYJ,12,2016,-9,9
2147,GB,PHI,12,2016,4,-4
2148,PHI,DET,12,2015,3,-3
2149,CAR,DAL,12,2015,-1,1
2150,CHI,GB,12,2015,7.5,-7.5
2151,NO,HOU,12,2015,3.5,-3.5
2152,BUF,KC,12,2015,4.5,-4.5
2153,SD,JAC,12,2015,5,-5
2154,MIN,ATL,12,2015,2,-2
2155,MIA,NYJ,12,2015,4.5,-4.5
2156,NYG,WAS,12,2015,-1,1
2157,OAK,TEN,12,2015,-1,1
2158,STL,CIN,12,2015,10.5,-10.5
2159,TB,IND,12,2015,3,-3
2160,ARI,SF,12,2015,-7.5,7.5
2161,PIT,SEA,12,2015,3,-3
2162,NE,DEN,12,2015,-2.5,2.5
2163,BAL,CLE,12,2015,6,-6
2164,KC,OAK,12,2014,-7.5,7.5
2165,CLE,ATL,12,2014,3,-3
2166,TEN,PHI,12,2014,11,-11
2167,DET,NE,12,2014,7.5,-7.5
2168,GB,MIN,12,2014,-7.5,7.5
2169,JAC,IND,12,2014,13,-13
2170,CIN,HOU,12,2014,3,-3
2171,TB,CHI,12,2014,4,-4
2172,ARI,SEA,12,2014,7.5,-7.5
2173,STL,SD,12,2014,4,-4
2174,MIA,DEN,12,2014,6.5,-6.5
2175,WAS,SF,12,2014,9,-9
2176,DAL,NYG,12,2014,-4,4
2177,NYJ,BUF,12,2014,2.5,-2.5
2178,BAL,NO,12,2014,2.5,-2.5
2179,NO,ATL,12,2013,-7.5,7.5
2180,PIT,CLE,12,2013,2.5,-2.5
2181,TB,DET,12,2013,7,-7
2182,MIN,GB,12,2013,6,-6
2183,JAC,HOU,12,2013,10.5,-10.5
2184,NYJ,BAL,12,2013,4,-4
2185,SD,KC,12,2013,3.5,-3.5
2186,CHI,STL,12,2013,1,-1
2187,CAR,MIA,12,2013,-4.5,4.5
2188,IND,ARI,12,2013,3.5,-3.5
2189,TEN,OAK,12,2013,-2.5,2.5
2190,DAL,NYG,12,2013,1,-1
2191,DEN,NE,12,2013,1,-1
2192,SF,WAS,12,2013,-5.5,5.5
2193,HOU,DET,12,2012,-3.5,3.5
2194,WAS,DAL,12,2012,3.5,-3.5
2195,NE,NYJ,12,2012,-7,7
2196,BUF,IND,12,2012,2,-2
2197,PIT,CLE,12,2012,-1,1
2198,OAK,CIN,12,2012,9.5,-9.5
2199,MIN,CHI,12,2012,6.5,-6.5
2200,TEN,JAC,12,2012,-3.5,3.5
2201,ATL,TB,12,2012,-1,1
2202,SEA,MIA,12,2012,-3,3
2203,DEN,KC,12,2012,-10,10
2204,BAL,SD,12,2012,-1,1
2205,SF,NO,12,2012,-1,1
2206,STL,ARI,12,2012,1,-1
2207,GB,NYG,12,2012,1.5,-1.5
2208,CAR,PHI,12,2012,-3,3
2209,GB,DET,12,2011,-5,5
2210,MIA,DAL,12,2011,7,-7
2211,SF,BAL,12,2011,3.5,-3.5
2212,BUF,NYJ,12,2011,9,-9
2213,CLE,CIN,12,2011,7,-7
2214,HOU,JAC,12,2011,-7,7
2215,CAR,IND,12,2011,-4,4
2216,TB,TEN,12,2011,3,-3
2217,CHI,OAK,12,2011,3,-3
2218,WAS,SEA,12,2011,3,-3
2219,DEN,SD,12,2011,4.5,-4.5
2220,NE,PHI,12,2011,-3,3
2221,ARI,STL,12,2011,3,-3
2222,MIN,ATL,12,2011,10,-10
2223,PIT,KC,12,2011,-10.5,10.5
2224,NYG,NO,12,2011,7,-7
2225,NE,DET,12,2010,-6,6
2226,NO,DAL,12,2010,-5,5
2227,CIN,NYJ,12,2010,10,-10
2228,MIN,WAS,12,2010,-3,3
2229,PIT,BUF,12,2010,-7,7
2230,TEN,HOU,12,2010,5,-5
2231,JAC,NYG,12,2010,8,-8
2232,CAR,CLE,12,2010,8,-8
2233,GB,ATL,12,2010,3,-3
2234,MIA,OAK,12,2010,3,-3
2235,KC,SEA,12,2010,-2,2
2236,TB,BAL,12,2010,8,-8
2237,PHI,CHI,12,2010,-3,3
2238,STL,DEN,12,2010,3,-3
2239,SD,IND,12,2010,2,-2
2240,SF,ARI,12,2010,-2,2
2241,GB,DET,12,2009,-11,11
2242,OAK,DAL,12,2009,14,-14
2243,NYG,DEN,12,2009,-5,5
2244,IND,HOU,12,2009,-3,3
2245,CLE,CIN,12,2009,12,-12
2246,WAS,PHI,12,2009,10,-10
2247,MIA,BUF,12,2009,-4,4
2248,SEA,STL,12,2009,-3,3
2249,TB,ATL,12,2009,13,-13
2250,CAR,NYJ,12,2009,3,-3
2251,JAC,SF,12,2009,3,-3
2252,KC,SD,12,2009,13,-13
2253,CHI,MIN,12,2009,10,-10
2254,ARI,TEN,12,2009,3,-3
2255,PIT,BAL,12,2009,8,-8
2256,NE,NO,12,2009,2,-2
2257,CIN,PIT,12,2008,12,-12
2258,HOU,CLE,12,2008,3,-3
2259,BUF,KC,12,2008,-3,3
2260,NYJ,TEN,12,2008,6,-6
2261,NE,MIA,12,2008,-2,2
2262,SF,DAL,12,2008,10,-10
2263,TB,DET,12,2008,-8,8
2264,PHI,BAL,12,2008,2,-2
2265,CHI,STL,12,2008,-7,7
2266,MIN,JAC,12,2008,2,-2
2267,OAK,DEN,12,2008,9,-9
2268,CAR,ATL,12,2008,-1,1
2269,WAS,SEA,12,2008,-3,3
2270,NYG,ARI,12,2008,-3,3
2271,IND,SD,12,2008,3,-3
2272,GB,NO,12,2008,0,0
2273,GB,DET,12,2007,-3,3
2274,NYJ,DAL,12,2007,14,-14
2275,IND,ATL,12,2007,-13,13
2276,TEN,CIN,12,2007,0,0
2277,BUF,JAC,12,2007,9,-9
2278,OAK,KC,12,2007,4,-4
2279,HOU,CLE,12,2007,3,-3
2280,SEA,STL,12,2007,-3,3
2281,MIN,NYG,12,2007,7,-7
2282,NO,CAR,12,2007,-3,3
2283,WAS,TB,12,2007,3,-3
2284,SF,ARI,12,2007,10,-10
2285,DEN,CHI,12,2007,1,-1
2286,BAL,SD,12,2007,10,-10
2287,PHI,NE,12,2007,24,-24
2288,MIA,PIT,12,2007,15,-15
2289,CHI,DET,13,2019,-5.5,5.5
2290,BUF,DAL,13,2019,-7.5,7.5
2291,NO,ATL,13,2019,6.5,-6.5
2292,GB,NYG,13,2019,-6.5,6.5
2293,NYJ,CIN,13,2019,-2.5,2.5
2294,OAK,KC,13,2019,11.5,-11.5
2295,PHI,MIA,13,2019,-10.5,10.5
2296,SF,BAL,13,2019,5.5,-5.5
2297,TB,JAC,13,2019,-3,3
2298,TEN,IND,13,2019,-1,1
2299,WAS,CAR,13,2019,10.5,-10.5
2300,LAR,ARI,13,2019,-2.5,2.5
2301,CLE,PIT,13,2019,-1,1
2302,LAC,DEN,13,2019,-4.5,4.5
2303,NE,HOU,13,2019,-3.5,3.5
2304,MIN,SEA,13,2019,2.5,-2.5
2305,NO,DAL,13,2018,-7,7
2306,DEN,CIN,13,2018,-3.5,3.5
2307,ARI,GB,13,2018,14.5,-14.5
2308,BAL,ATL,13,2018,2.5,-2.5
2309,BUF,MIA,13,2018,3.5,-3.5
2310,CAR,TB,13,2018,-3.5,3.5
2311,CHI,NYG,13,2018,-3.5,3.5
2312,CLE,HOU,13,2018,5,-5
2313,IND,JAC,13,2018,-4,4
2314,LAC,PIT,13,2018,3.5,-3.5
2315,LAR,DET,13,2018,-10.5,10.5
2316,KC,OAK,13,2018,-14,14
2317,NYJ,TEN,13,2018,10.5,-10.5
2318,MIN,NE,13,2018,6,-6
2319,SF,SEA,13,2018,10,-10
2320,WAS,PHI,13,2018,5.5,-5.5
2321,WAS,DAL,13,2017,-1.5,1.5
2322,TB,GB,13,2017,3,-3
2323,IND,JAC,13,2017,10,-10
2324,DEN,MIA,13,2017,-1,1
2325,MIN,ATL,13,2017,2,-2
2326,KC,NYJ,13,2017,-3.5,3.5
2327,HOU,TEN,13,2017,7,-7
2328,CAR,NO,13,2017,5.5,-5.5
2329,DET,BAL,13,2017,2.5,-2.5
2330,NE,BUF,13,2017,-7.5,7.5
2331,SF,CHI,13,2017,2.5,-2.5
2332,CLE,LAC,13,2017,13.5,-13.5
2333,LAR,ARI,13,2017,-7.5,7.5
2334,NYG,OAK,13,2017,10,-10
2335,PHI,SEA,13,2017,-3.5,3.5
2336,PIT,CIN,13,2017,-4.5,4.5
2337,DAL,MIN,13,2016,-3,3
2338,MIA,BAL,13,2016,3.5,-3.5
2339,SF,CHI,13,2016,0,0
2340,HOU,GB,13,2016,7,-7
2341,KC,ATL,13,2016,5,-5
2342,LA,NE,13,2016,13,-13
2343,DET,NO,13,2016,6.5,-6.5
2344,PHI,CIN,13,2016,1,-1
2345,DEN,JAC,13,2016,-3.5,3.5
2346,BUF,OAK,13,2016,3,-3
2347,TB,SD,13,2016,3.5,-3.5
2348,WAS,ARI,13,2016,2.5,-2.5
2349,NYG,PIT,13,2016,7,-7
2350,CAR,SEA,13,2016,8.5,-8.5
2351,IND,NYJ,13,2016,1,-1
2352,GB,DET,13,2015,-2.5,2.5
2353,SEA,MIN,13,2015,-2.5,2.5
2354,CIN,CLE,13,2015,-7.5,7.5
2355,BAL,MIA,13,2015,3.5,-3.5
2356,HOU,BUF,13,2015,3,-3
2357,SF,CHI,13,2015,6,-6
2358,JAC,TEN,13,2015,3,-3
2359,ATL,TB,13,2015,1,-1
2360,ARI,STL,13,2015,-3.5,3.5
2361,NYJ,NYG,13,2015,-2,2
2362,CAR,NO,13,2015,-5.5,5.5
2363,DEN,SD,13,2015,-6,6
2364,KC,OAK,13,2015,-3,3
2365,PHI,NE,13,2015,9.5,-9.5
2366,IND,PIT,13,2015,10,-10
2367,DAL,WAS,13,2015,2,-2
2368,CHI,DET,13,2014,7.5,-7.5
2369,PHI,DAL,13,2014,3,-3
2370,SEA,SF,13,2014,1,-1
2371,WAS,IND,13,2014,7.5,-7.5
2372,TEN,HOU,13,2014,7,-7
2373,CLE,BUF,13,2014,3,-3
2374,SD,BAL,13,2014,6.5,-6.5
2375,NYG,JAC,13,2014,-3,3
2376,CIN,TB,13,2014,-6,6
2377,OAK,STL,13,2014,6.5,-6.5
2378,NO,PIT,13,2014,3.5,-3.5
2379,CAR,MIN,13,2014,2.5,-2.5
2380,ARI,ATL,13,2014,-1.5,1.5
2381,NE,GB,13,2014,3,-3
2382,DEN,KC,13,2014,1,-1
2383,MIA,NYJ,13,2014,-6.5,6.5
2384,GB,DET,13,2013,7,-7
2385,OAK,DAL,13,2013,10,-10
2386,PIT,BAL,13,2013,3,-3
2387,DEN,KC,13,2013,-5,5
2388,TEN,IND,13,2013,3.5,-3.5
2389,JAC,CLE,13,2013,7.5,-7.5
2390,TB,CAR,13,2013,7.5,-7.5
2391,CHI,MIN,13,2013,2.5,-2.5
2392,ARI,PHI,13,2013,3.5,-3.5
2393,MIA,NYJ,13,2013,-1,1
2394,ATL,BUF,13,2013,5,-5
2395,STL,SF,13,2013,7.5,-7.5
2396,NE,HOU,13,2013,-7,7
2397,CIN,SD,13,2013,-2.5,2.5
2398,NYG,WAS,13,2013,1,-1
2399,NO,SEA,13,2013,6.5,-6.5
2400,NO,ATL,13,2012,3.5,-3.5
2401,JAC,BUF,13,2012,6,-6
2402,HOU,TEN,13,2012,-7,7
2403,SF,STL,13,2012,-7,7
2404,ARI,NYJ,13,2012,6,-6
2405,NE,MIA,13,2012,-7,7
2406,CAR,KC,13,2012,-5,5
2407,SEA,CHI,13,2012,3,-3
2408,IND,DET,13,2012,7,-7
2409,MIN,GB,13,2012,7,-7
2410,TB,DEN,13,2012,9.5,-9.5
2411,PIT,BAL,13,2012,7,-7
2412,CIN,SD,13,2012,1,-1
2413,CLE,OAK,13,2012,-2.5,2.5
2414,PHI,DAL,13,2012,10.5,-10.5
2415,NYG,WAS,13,2012,-2.5,2.5
2416,PHI,SEA,13,2011,-3,3
2417,TEN,BUF,13,2011,1,-1
2418,KC,CHI,13,2011,9,-9
2419,BAL,CLE,13,2011,-7,7
2420,OAK,MIA,13,2011,3.5,-3.5
2421,DET,NO,13,2011,9,-9
2422,CIN,PIT,13,2011,7,-7
2423,CAR,TB,13,2011,-1,1
2424,NYJ,WAS,13,2011,-3,3
2425,ATL,HOU,13,2011,-1,1
2426,DEN,MIN,13,2011,1,-1
2427,STL,SF,13,2011,14,-14
2428,GB,NYG,13,2011,-7,7
2429,DAL,ARI,13,2011,-4,4
2430,IND,NE,13,2011,20.5,-20.5
2431,SD,JAC,13,2011,-3,3
2432,HOU,PHI,13,2010,8,-8
2433,BUF,MIN,13,2010,6,-6
2434,CLE,MIA,13,2010,6,-6
2435,JAC,TEN,13,2010,3,-3
2436,DEN,KC,13,2010,8,-8
2437,WAS,NYG,13,2010,8,-8
2438,CHI,DET,13,2010,-5,5
2439,SF,GB,13,2010,9,-9
2440,NO,CIN,13,2010,-7,7
2441,OAK,SD,13,2010,13,-13
2442,ATL,TB,13,2010,-3,3
2443,CAR,SEA,13,2010,5,-5
2444,DAL,IND,13,2010,6,-6
2445,STL,ARI,13,2010,-3,3
2446,PIT,BAL,13,2010,3,-3
2447,NYJ,NE,13,2010,4,-4
2448,NYJ,BUF,13,2009,-4,4
2449,DEN,KC,13,2009,-6,6
2450,OAK,PIT,13,2009,15,-15
2451,HOU,JAC,13,2009,-1,1
2452,TEN,IND,13,2009,6,-6
2453,PHI,ATL,13,2009,-4,4
2454,DET,CIN,13,2009,14,-14
2455,NO,WAS,13,2009,-8,8
2456,TB,CAR,13,2009,3,-3
2457,STL,CHI,13,2009,9,-9
2458,NE,MIA,13,2009,-5,5
2459,SD,CLE,13,2009,-14,14
2460,SF,SEA,13,2009,1,-1
2461,DAL,NYG,13,2009,-1,1
2462,MIN,ARI,13,2009,-3,3
2463,BAL,GB,13,2009,4,-4
2464,TEN,DET,13,2008,-11,11
2465,SEA,DAL,13,2008,12,-12
2466,ARI,PHI,13,2008,3,-3
2467,SF,BUF,13,2008,7,-7
2468,NO,TB,13,2008,4,-4
2469,CAR,GB,13,2008,3,-3
2470,NYG,WAS,13,2008,-4,4
2471,MIA,STL,13,2008,-7,7
2472,BAL,CIN,13,2008,-7,7
2473,IND,CLE,13,2008,-4,4
2474,ATL,SD,13,2008,7,-7
2475,DEN,NYJ,13,2008,8,-8
2476,PIT,NE,13,2008,3,-3
2477,KC,OAK,13,2008,3,-3
2478,CHI,MIN,13,2008,5,-5
2479,JAC,HOU,13,2008,3,-3
2480,GB,DAL,13,2007,7,-7
2481,ATL,STL,13,2007,3,-3
2482,BUF,WAS,13,2007,7,-7
2483,DET,MIN,13,2007,6,-6
2484,HOU,TEN,13,2007,3,-3
2485,JAC,IND,13,2007,7,-7
2486,SD,KC,13,2007,-6,6
2487,SEA,PHI,13,2007,3,-3
2488,SF,CAR,13,2007,3,-3
2489,NYJ,MIA,13,2007,2,-2
2490,CLE,ARI,13,2007,0,0
2491,DEN,OAK,13,2007,-4,4
2492,TB,NO,13,2007,6,-6
2493,NYG,CHI,13,2007,0,0
2494,CIN,PIT,13,2007,7,-7
2495,NE,BAL,13,2007,-20,20
2496,DAL,CHI,14,2019,-3,3
2497,BAL,BUF,14,2019,-6.5,6.5
2498,CAR,ATL,14,2019,3.5,-3.5
2499,CIN,CLE,14,2019,6.5,-6.5
2500,DEN,HOU,14,2019,8,-8
2501,DET,MIN,14,2019,12,-12
2502,IND,TB,14,2019,3,-3
2503,MIA,NYJ,14,2019,5,-5
2504,SF,NO,14,2019,1,-1
2505,WAS,GB,14,2019,13,-13
2506,LAC,JAC,14,2019,-3.5,3.5
2507,KC,NE,14,2019,3,-3
2508,PIT,ARI,14,2019,-2.5,2.5
2509,TEN,OAK,14,2019,-3,3
2510,SEA,LAR,14,2019,1,-1
2511,NYG,PHI,14,2019,9.5,-9.5
2512,JAC,TEN,14,2018,5.5,-5.5
2513,ATL,GB,14,2018,4,-4
2514,BAL,KC,14,2018,6.5,-6.5
2515,CAR,CLE,14,2018,-1,1
2516,IND,HOU,14,2018,4,-4
2517,LAR,CHI,14,2018,-3,3
2518,NE,MIA,14,2018,-8.5,8.5
2519,NO,TB,14,2018,-8.5,8.5
2520,NYG,WAS,14,2018,-3,3
2521,NYJ,BUF,14,2018,4.5,-4.5
2522,CIN,LAC,14,2018,17,-17
2523,DEN,SF,14,2018,-3,3
2524,DET,ARI,14,2018,-2.5,2.5
2525,PHI,DAL,14,2018,3.5,-3.5
2526,PIT,OAK,14,2018,-10.5,10.5
2527,MIN,SEA,14,2018,3,-3
2528,NO,ATL,14,2017,2.5,-2.5
2529,OAK,KC,14,2017,4.5,-4.5
2530,IND,BUF,14,2017,3.5,-3.5
2531,DET,TB,14,2017,0,0
2532,MIN,CAR,14,2017,-2.5,2.5
2533,CHI,CIN,14,2017,6,-6
2534,GB,CLE,14,2017,-2.5,2.5
2535,SF,HOU,14,2017,1,-1
2536,SEA,JAC,14,2017,3,-3
2537,TEN,ARI,14,2017,-2.5,2.5
2538,NYJ,DEN,14,2017,-1,1
2539,WAS,LAC,14,2017,6,-6
2540,PHI,LAR,14,2017,-1,1
2541,DAL,NYG,14,2017,-4,4
2542,BAL,PIT,14,2017,6,-6
2543,NE,MIA,14,2017,-10,10
2544,OAK,KC,14,2016,3.5,-3.5
2545,PIT,BUF,14,2016,-1,1
2546,HOU,IND,14,2016,6.5,-6.5
2547,WAS,PHI,14,2016,-1.5,1.5
2548,DEN,TEN,14,2016,2,-2
2549,NO,TB,14,2016,2,-2
2550,SD,CAR,14,2016,1,-1
2551,CIN,CLE,14,2016,-4,4
2552,CHI,DET,14,2016,7.5,-7.5
2553,MIN,JAC,14,2016,-3,3
2554,ARI,MIA,14,2016,-2,2
2555,NYJ,SF,14,2016,3,-3
2556,SEA,GB,14,2016,-3,3
2557,ATL,LA,14,2016,-4.5,4.5
2558,DAL,NYG,14,2016,-3.5,3.5
2559,BAL,NE,14,2016,6,-6
2560,MIN,ARI,14,2015,10,-10
2561,ATL,CAR,14,2015,8.5,-8.5
2562,BUF,PHI,14,2015,1,-1
2563,NE,HOU,14,2015,-4,4
2564,PIT,CIN,14,2015,1,-1
2565,WAS,CHI,14,2015,4,-4
2566,SF,CLE,14,2015,2.5,-2.5
2567,IND,JAC,14,2015,1,-1
2568,SD,KC,14,2015,11.5,-11.5
2569,TEN,NYJ,14,2015,8,-8
2570,DET,STL,14,2015,-3,3
2571,NO,TB,14,2015,6,-6
2572,OAK,DEN,14,2015,6,-6
2573,DAL,GB,14,2015,6,-6
2574,SEA,BAL,14,2015,-10.5,10.5
2575,NYG,MIA,14,2015,-2.5,2.5
2576,DAL,CHI,14,2014,-3.5,3.5
2577,PIT,CIN,14,2014,3,-3
2578,STL,WAS,14,2014,-2.5,2.5
2579,NYG,TEN,14,2014,-3,3
2580,CAR,NO,14,2014,8.5,-8.5
2581,NYJ,MIN,14,2014,4.5,-4.5
2582,BAL,MIA,14,2014,3,-3
2583,IND,CLE,14,2014,-3,3
2584,TB,DET,14,2014,10.5,-10.5
2585,HOU,JAC,14,2014,-6.5,6.5
2586,BUF,DEN,14,2014,9,-9
2587,KC,ARI,14,2014,-2.5,2.5
2588,SEA,PHI,14,2014,-1.5,1.5
2589,SF,OAK,14,2014,-8,8
2590,NE,SD,14,2014,-4,4
2591,ATL,GB,14,2014,13.5,-13.5
2592,HOU,JAC,14,2013,-3,3
2593,MIN,BAL,14,2013,6,-6
2594,KC,WAS,14,2013,-3.5,3.5
2595,BUF,TB,14,2013,3,-3
2596,MIA,PIT,14,2013,3,-3
2597,DET,PHI,14,2013,2.5,-2.5
2598,OAK,NYJ,14,2013,3,-3
2599,IND,CIN,14,2013,7,-7
2600,CLE,NE,14,2013,9.5,-9.5
2601,CAR,NO,14,2013,3,-3
2602,TEN,DEN,14,2013,13,-13
2603,STL,ARI,14,2013,4,-4
2604,SEA,SF,14,2013,2.5,-2.5
2605,NYG,SD,14,2013,4.5,-4.5
2606,ATL,GB,14,2013,3.5,-3.5
2607,DAL,CHI,14,2013,2,-2
2608,DEN,OAK,14,2012,-10,10
2609,STL,BUF,14,2012,3.5,-3.5
2610,BAL,WAS,14,2012,1,-1
2611,PHI,TB,14,2012,8,-8
2612,SD,PIT,14,2012,7,-7
2613,CHI,MIN,14,2012,-1,1
2614,ATL,CAR,14,2012,-3,3
2615,DAL,CIN,14,2012,3.5,-3.5
2616,KC,CLE,14,2012,7,-7
2617,TEN,IND,14,2012,3.5,-3.5
2618,NYJ,JAC,14,2012,-3,3
2619,MIA,SF,14,2012,10.5,-10.5
2620,ARI,SEA,14,2012,10.5,-10.5
2621,NO,NYG,14,2012,4,-4
2622,DET,GB,14,2012,6,-6
2623,HOU,NE,14,2012,5.5,-5.5
2624,CLE,PIT,14,2011,14,-14
2625,TB,JAC,14,2011,-3,3
2626,NE,WAS,14,2011,-7.5,7.5
2627,HOU,CIN,14,2011,2.5,-2.5
2628,KC,NYJ,14,2011,10.5,-10.5
2629,MIN,DET,14,2011,10,-10
2630,NO,TEN,14,2011,-3.5,3.5
2631,PHI,MIA,14,2011,3,-3
2632,IND,BAL,14,2011,16.5,-16.5
2633,ATL,CAR,14,2011,-3,3
2634,CHI,DEN,14,2011,3.5,-3.5
2635,SF,ARI,14,2011,-3.5,3.5
2636,OAK,GB,14,2011,11.5,-11.5
2637,BUF,SD,14,2011,7,-7
2638,NYG,DAL,14,2011,4.5,-4.5
2639,STL,SEA,14,2011,9,-9
2640,IND,TEN,14,2010,-3,3
2641,OAK,JAC,14,2010,3,-3
2642,CIN,PIT,14,2010,8,-8
2643,CLE,BUF,14,2010,1,-1
2644,GB,DET,14,2010,-7,7
2645,ATL,CAR,14,2010,-7,7
2646,TB,WAS,14,2010,-1,1
2647,STL,NO,14,2010,9,-9
2648,SEA,SF,14,2010,5,-5
2649,NE,CHI,14,2010,-3,3
2650,MIA,NYJ,14,2010,5,-5
2651,DEN,ARI,14,2010,-4,4
2652,KC,SD,14,2010,10,-10
2653,PHI,DAL,14,2010,-4,4
2654,NYG,MIN,14,2010,-5,5
2655,BAL,HOU,14,2010,-3,3
2656,PIT,CLE,14,2009,-10,10
2657,DEN,IND,14,2009,7,-7
2658,CIN,MIN,14,2009,6,-6
2659,NYJ,TB,14,2009,-4,4
2660,BUF,KC,14,2009,-3,3
2661,GB,CHI,14,2009,-4,4
2662,NO,ATL,14,2009,-10,10
2663,DET,BAL,14,2009,14,-14
2664,MIA,JAC,14,2009,2,-2
2665,CAR,NE,14,2009,13,-13
2666,SEA,HOU,14,2009,7,-7
2667,STL,TEN,14,2009,14,-14
2668,WAS,OAK,14,2009,-2,2
2669,SD,DAL,14,2009,3,-3
2670,PHI,NYG,14,2009,-1,1
2671,ARI,SF,14,2009,-4,4
2672,OAK,SD,14,2008,9,-9
2673,CIN,IND,14,2008,14,-14
2674,JAC,CHI,14,2008,7,-7
2675,HOU,GB,14,2008,7,-7
2676,CLE,TEN,14,2008,14,-14
2677,MIN,DET,14,2008,-11,11
2678,PHI,NYG,14,2008,6,-6
2679,ATL,NO,14,2008,3,-3
2680,NYJ,SF,14,2008,-6,6
2681,MIA,BUF,14,2008,2,-2
2682,KC,DEN,14,2008,9,-9
2683,NE,SEA,14,2008,-8,8
2684,STL,ARI,14,2008,15,-15
2685,DAL,PIT,14,2008,4,-4
2686,WAS,BAL,14,2008,6,-6
2687,TB,CAR,14,2008,3,-3
2688,CHI,WAS,14,2007,3,-3
2689,CAR,JAC,14,2007,11,-11
2690,DAL,DET,14,2007,-11,11
2691,MIA,BUF,14,2007,7,-7
2692,NYG,PHI,14,2007,3,-3
2693,OAK,GB,14,2007,10,-10
2694,SD,TEN,14,2007,-2,2
2695,STL,CIN,14,2007,10,-10
2696,TB,HOU,14,2007,-3,3
2697,ARI,SEA,14,2007,8,-8
2698,MIN,SF,14,2007,-8,8
2699,PIT,NE,14,2007,11,-11
2700,CLE,NYJ,14,2007,-3,3
2701,KC,DEN,14,2007,8,-8
2702,IND,BAL,14,2007,-9,9
2703,NO,ATL,14,2007,-4,4
2704,NYJ,BAL,15,2019,17,-17
2705,BUF,PIT,15,2019,1,-1
2706,CHI,GB,15,2019,4,-4
2707,DEN,KC,15,2019,10,-10
2708,HOU,TEN,15,2019,3,-3
2709,MIA,NYG,15,2019,3.5,-3.5
2710,NE,CIN,15,2019,-10.5,10.5
2711,PHI,WAS,15,2019,-7,7
2712,SEA,CAR,15,2019,-6,6
2713,TB,DET,15,2019,-5.5,5.5
2714,CLE,ARI,15,2019,-3,3
2715,JAC,OAK,15,2019,7,-7
2716,ATL,SF,15,2019,10.5,-10.5
2717,LAR,DAL,15,2019,-1,1
2718,MIN,LAC,15,2019,-1,1
2719,IND,NO,15,2019,8,-8
2720,LAC,KC,15,2018,3.5,-3.5
2721,CLE,DEN,15,2018,1,-1
2722,HOU,NYJ,15,2018,-7,7
2723,DAL,IND,15,2018,3,-3
2724,MIA,MIN,15,2018,7.5,-7.5
2725,OAK,CIN,15,2018,3,-3
2726,TEN,NYG,15,2018,-2.5,2.5
2727,WAS,JAC,15,2018,7.5,-7.5
2728,ARI,ATL,15,2018,10,-10
2729,DET,BUF,15,2018,2.5,-2.5
2730,GB,CHI,15,2018,6,-6
2731,TB,BAL,15,2018,8.5,-8.5
2732,SEA,SF,15,2018,-3.5,3.5
2733,NE,PIT,15,2018,-2.5,2.5
2734,PHI,LAR,15,2018,13.5,-13.5
2735,NO,CAR,15,2018,-6,6
2736,DEN,IND,15,2017,-3,3
2737,CHI,DET,15,2017,5,-5
2738,LAC,KC,15,2017,1,-1
2739,BAL,CLE,15,2017,-6.5,6.5
2740,HOU,JAC,15,2017,10.5,-10.5
2741,CIN,MIN,15,2017,12.5,-12.5
2742,NYJ,NO,15,2017,16.5,-16.5
2743,PHI,NYG,15,2017,-7.5,7.5
2744,ARI,WAS,15,2017,4,-4
2745,MIA,BUF,15,2017,3.5,-3.5
2746,GB,CAR,15,2017,3,-3
2747,LAR,SEA,15,2017,-1,1
2748,TEN,SF,15,2017,2.5,-2.5
2749,NE,PIT,15,2017,-2.5,2.5
2750,DAL,OAK,15,2017,-3,3
2751,ATL,TB,15,2017,-7,7
2752,LA,SEA,15,2016,15,-15
2753,MIA,NYJ,15,2016,-2.5,2.5
2754,GB,CHI,15,2016,-4.5,4.5
2755,TEN,KC,15,2016,6,-6
2756,DET,NYG,15,2016,4,-4
2757,CLE,BUF,15,2016,10.5,-10.5
2758,IND,MIN,15,2016,5,-5
2759,PHI,BAL,15,2016,5,-5
2760,TB,DAL,15,2016,7,-7
2761,JAC,HOU,15,2016,3.5,-3.5
2762,NO,ARI,15,2016,3,-3
2763,SF,ATL,15,2016,13.5,-13.5
2764,NE,DEN,15,2016,-3,3
2765,OAK,SD,15,2016,-2.5,2.5
2766,PIT,CIN,15,2016,-3,3
2767,CAR,WAS,15,2016,7,-7
2768,TB,STL,15,2015,1,-1
2769,NYJ,DAL,15,2015,-3,3
2770,CAR,NYG,15,2015,-4.5,4.5
2771,TEN,NE,15,2015,14.5,-14.5
2772,KC,BAL,15,2015,-6.5,6.5
2773,ATL,JAC,15,2015,2,-2
2774,CHI,MIN,15,2015,4,-4
2775,HOU,IND,15,2015,2.5,-2.5
2776,ARI,PHI,15,2015,-3.5,3.5
2777,BUF,WAS,15,2015,-2.5,2.5
2778,CLE,SEA,15,2015,14.5,-14.5
2779,GB,OAK,15,2015,-4,4
2780,DEN,PIT,15,2015,7.5,-7.5
2781,MIA,SD,15,2015,1,-1
2782,CIN,SF,15,2015,-7,7
2783,DET,NO,15,2015,2.5,-2.5
2784,ARI,STL,15,2014,6,-6
2785,PIT,ATL,15,2014,-3,3
2786,WAS,NYG,15,2014,7,-7
2787,MIA,NE,15,2014,9.5,-9.5
2788,OAK,KC,15,2014,11,-11
2789,HOU,IND,15,2014,7,-7
2790,JAC,BAL,15,2014,14,-14
2791,GB,BUF,15,2014,-3.5,3.5
2792,TB,CAR,15,2014,3.5,-3.5
2793,CIN,CLE,15,2014,2.5,-2.5
2794,MIN,DET,15,2014,8,-8
2795,NYJ,TEN,15,2014,-3.5,3.5
2796,DEN,SD,15,2014,-4,4
2797,SF,SEA,15,2014,10,-10
2798,DAL,PHI,15,2014,3.5,-3.5
2799,NO,CHI,15,2014,-3,3
2800,SD,DEN,15,2013,10,-10
2801,WAS,ATL,15,2013,5.5,-5.5
2802,ARI,TEN,15,2013,-3,3
2803,SF,TB,15,2013,-4.5,4.5
2804,NO,STL,15,2013,-6.5,6.5
2805,SEA,NYG,15,2013,-9.5,9.5
2806,CHI,CLE,15,2013,1,-1
2807,HOU,IND,15,2013,6,-6
2808,BUF,JAC,15,2013,-4,4
2809,NE,MIA,15,2013,2.5,-2.5
2810,PHI,MIN,15,2013,-6.5,6.5
2811,KC,OAK,15,2013,-6.5,6.5
2812,NYJ,CAR,15,2013,10,-10
2813,GB,DAL,15,2013,4,-4
2814,CIN,PIT,15,2013,-2,2
2815,BAL,DET,15,2013,4.5,-4.5
2816,CIN,PHI,15,2012,-4.5,4.5
2817,NYG,ATL,15,2012,1,-1
2818,MIN,STL,15,2012,1,-1
2819,TB,NO,15,2012,3.5,-3.5
2820,JAC,MIA,15,2012,7.5,-7.5
2821,IND,HOU,15,2012,10.5,-10.5
2822,WAS,CLE,15,2012,4,-4
2823,GB,CHI,15,2012,-3,3
2824,DEN,BAL,15,2012,-3,3
2825,CAR,SD,15,2012,3,-3
2826,SEA,BUF,15,2012,-4.5,4.5
2827,DET,ARI,15,2012,-5.5,5.5
2828,KC,OAK,15,2012,4.5,-4.5
2829,PIT,DAL,15,2012,-1,1
2830,SF,NE,15,2012,4,-4
2831,NYJ,TEN,15,2012,1,-1
2832,JAC,ATL,15,2011,13.5,-13.5
2833,DAL,TB,15,2011,-7,7
2834,CIN,STL,15,2011,-7,7
2835,MIA,BUF,15,2011,-1,1
2836,WAS,NYG,15,2011,5.5,-5.5
2837,TEN,IND,15,2011,-6.5,6.5
2838,SEA,CHI,15,2011,3.5,-3.5
2839,GB,KC,15,2011,-11,11
2840,CAR,HOU,15,2011,4.5,-4.5
2841,NO,MIN,15,2011,-7,7
2842,DET,OAK,15,2011,-1,1
2843,CLE,ARI,15,2011,6,-6
2844,NYJ,PHI,15,2011,3,-3
2845,NE,DEN,15,2011,-7,7
2846,BAL,SD,15,2011,-1,1
2847,PIT,SF,15,2011,3,-3
2848,SF,SD,15,2010,10,-10
2849,KC,STL,15,2010,3,-3
2850,HOU,TEN,15,2010,2,-2
2851,JAC,IND,15,2010,4,-4
2852,ARI,CAR,15,2010,3,-3
2853,CLE,CIN,15,2010,0,0
2854,BUF,MIA,15,2010,6,-6
2855,PHI,NYG,15,2010,3,-3
2856,WAS,DAL,15,2010,10,-10
2857,DET,TB,15,2010,4,-4
2858,NO,BAL,15,2010,2,-2
2859,ATL,SEA,15,2010,-6,6
2860,NYJ,PIT,15,2010,3,-3
2861,DEN,OAK,15,2010,7,-7
2862,GB,NE,15,2010,14,-14
2863,CHI,MIN,15,2010,-6,6
2864,IND,JAC,15,2009,-3,3
2865,DAL,NO,15,2009,7,-7
2866,MIA,TEN,15,2009,5,-5
2867,NE,BUF,15,2009,-7,7
2868,ARI,DET,15,2009,-14,14
2869,ATL,NYJ,15,2009,5,-5
2870,CLE,KC,15,2009,3,-3
2871,HOU,STL,15,2009,-14,14
2872,CIN,SD,15,2009,7,-7
2873,OAK,DEN,15,2009,14,-14
2874,GB,PIT,15,2009,3,-3
2875,SF,PHI,15,2009,7,-7
2876,CHI,BAL,15,2009,11,-11
2877,TB,SEA,15,2009,7,-7
2878,MIN,CAR,15,2009,-9,9
2879,NYG,WAS,15,2009,-3,3
2880,NO,CHI,15,2008,3,-3
2881,GB,JAC,15,2008,-3,3
2882,DET,IND,15,2008,17,-17
2883,WAS,CIN,15,2008,-7,7
2884,TB,ATL,15,2008,6,-6
2885,SF,MIA,15,2008,6,-6
2886,SEA,STL,15,2008,-2,2
2887,BUF,NYJ,15,2008,8,-8
2888,TEN,HOU,15,2008,-3,3
2889,SD,KC,15,2008,-6,6
2890,MIN,ARI,15,2008,5,-5
2891,PIT,BAL,15,2008,3,-3
2892,DEN,CAR,15,2008,7,-7
2893,NE,OAK,15,2008,-7,7
2894,NYG,DAL,15,2008,3,-3
2895,CLE,PHI,15,2008,15,-15
2896,DEN,HOU,15,2007,-3,3
2897,CIN,SF,15,2007,-9,9
2898,ARI,NO,15,2007,4,-4
2899,ATL,TB,15,2007,13,-13
2900,BAL,MIA,15,2007,-3,3
2901,BUF,CLE,15,2007,4,-4
2902,GB,STL,15,2007,-7,7
2903,JAC,PIT,15,2007,3,-3
2904,NYJ,NE,15,2007,21,-21
2905,SEA,CAR,15,2007,-7,7
2906,TEN,KC,15,2007,-4,4
2907,IND,OAK,15,2007,-10,10
2908,DET,SD,15,2007,10,-10
2909,PHI,DAL,15,2007,10,-10
2910,WAS,NYG,15,2007,6,-6
2911,CHI,MIN,15,2007,11,-11
2912,BAL,CLE,16,2019,-9.5,9.5
2913,BUF,NE,16,2019,7,-7
2914,CAR,IND,16,2019,7.5,-7.5
2915,CIN,MIA,16,2019,-1.5,1.5
2916,DET,DEN,16,2019,9.5,-9.5
2917,HOU,TB,16,2019,-3,3
2918,JAC,ATL,16,2019,7.5,-7.5
2919,LAR,SF,16,2019,7,-7
2920,NO,TEN,16,2019,-3.5,3.5
2921,NYG,WAS,16,2019,-1,1
2922,OAK,LAC,16,2019,7.5,-7.5
2923,PIT,NYJ,16,2019,-3,3
2924,ARI,SEA,16,2019,8,-8
2925,DAL,PHI,16,2019,-2,2
2926,KC,CHI,16,2019,-6.5,6.5
2927,GB,MIN,16,2019,4,-4
2928,WAS,TEN,16,2018,12.5,-12.5
2929,BAL,LAC,16,2018,4,-4
2930,JAC,MIA,16,2018,3,-3
2931,NYG,IND,16,2018,10,-10
2932,ATL,CAR,16,2018,-2.5,2.5
2933,BUF,NE,16,2018,14,-14
2934,CIN,CLE,16,2018,10,-10
2935,GB,NYJ,16,2018,-3,3
2936,HOU,PHI,16,2018,1,-1
2937,MIN,DET,16,2018,-6.5,6.5
2938,TB,DAL,16,2018,7,-7
2939,CHI,SF,16,2018,-3.5,3.5
2940,LAR,ARI,16,2018,-14.5,14.5
2941,PIT,NO,16,2018,6.5,-6.5
2942,KC,SEA,16,2018,-1,1
2943,DEN,OAK,16,2018,-2.5,2.5
2944,IND,BAL,16,2017,13.5,-13.5
2945,MIN,GB,16,2017,-8.5,8.5
2946,MIA,KC,16,2017,11,-11
2947,BUF,NE,16,2017,11,-11
2948,ATL,NO,16,2017,5.5,-5.5
2949,LAC,NYJ,16,2017,-7.5,7.5
2950,LAR,TEN,16,2017,-5.5,5.5
2951,DEN,WAS,16,2017,3,-3
2952,TB,CAR,16,2017,10,-10
2953,CLE,CHI,16,2017,5.5,-5.5
2954,DET,CIN,16,2017,-3,3
2955,JAC,SF,16,2017,-4,4
2956,NYG,ARI,16,2017,3,-3
2957,SEA,DAL,16,2017,4.5,-4.5
2958,PIT,HOU,16,2017,-8,8
2959,OAK,PHI,16,2017,10,-10
2960,NYG,PHI,16,2016,2,-2
2961,MIA,BUF,16,2016,4.5,-4.5
2962,TB,NO,16,2016,3,-3
2963,NYJ,NE,16,2016,17,-17
2964,TEN,JAC,16,2016,-4,4
2965,MIN,GB,16,2016,6,-6
2966,SD,CLE,16,2016,-4.5,4.5
2967,WAS,CHI,16,2016,-3,3
2968,ATL,CAR,16,2016,-3,3
2969,IND,OAK,16,2016,3.5,-3.5
2970,ARI,SEA,16,2016,9,-9
2971,SF,LA,16,2016,6,-6
2972,CIN,HOU,16,2016,3,-3
2973,BAL,PIT,16,2016,5.5,-5.5
2974,DEN,KC,16,2016,3.5,-3.5
2975,DET,DAL,16,2017,6.5,-6.5
2976,SD,OAK,16,2015,4,-4
2977,WAS,PHI,16,2015,3.5,-3.5
2978,SF,DET,16,2015,8.5,-8.5
2979,CLE,KC,16,2015,11.5,-11.5
2980,HOU,TEN,16,2015,-3.5,3.5
2981,JAC,NO,16,2015,2.5,-2.5
2982,NE,NYJ,16,2015,-2.5,2.5
2983,CAR,ATL,16,2015,-7,7
2984,CHI,TB,16,2015,3,-3
2985,DAL,BUF,16,2015,6.5,-6.5
2986,NYG,MIN,16,2015,7,-7
2987,IND,MIA,16,2015,2.5,-2.5
2988,STL,SEA,16,2015,11,-11
2989,GB,ARI,16,2015,6,-6
2990,PIT,BAL,16,2015,-11,11
2991,CIN,DEN,16,2015,3.5,-3.5
2992,TEN,JAC,16,2014,4,-4
2993,SD,SF,16,2014,2,-2
2994,PHI,WAS,16,2014,-7,7
2995,MIN,MIA,16,2014,4.5,-4.5
2996,BAL,HOU,16,2014,-6,6
2997,DET,CHI,16,2014,-10,10
2998,CLE,CAR,16,2014,6,-6
2999,ATL,NO,16,2014,6,-6
3000,GB,TB,16,2014,-11.5,11.5
3001,KC,PIT,16,2014,2.5,-2.5
3002,NE,NYJ,16,2014,-10,10
3003,NYG,STL,16,2014,7,-7
3004,BUF,OAK,16,2014,-7,7
3005,IND,DAL,16,2014,3.5,-3.5
3006,SEA,ARI,16,2014,-9.5,9.5
3007,DEN,CIN,16,2014,-3.5,3.5
3008,MIA,BUF,16,2013,1,-1
3009,NO,CAR,16,2013,3.5,-3.5
3010,DAL,WAS,16,2013,-3,3
3011,TB,STL,16,2013,3.5,-3.5
3012,CHI,PHI,16,2013,2.5,-2.5
3013,CLE,NYJ,16,2013,2.5,-2.5
3014,IND,KC,16,2013,7.5,-7.5
3015,MIN,CIN,16,2013,7.5,-7.5
3016,DEN,HOU,16,2013,-9,9
3017,TEN,JAC,16,2013,-4,4
3018,ARI,SEA,16,2013,8,-8
3019,NYG,DET,16,2013,9.5,-9.5
3020,OAK,SD,16,2013,10,-10
3021,PIT,GB,16,2013,-1,1
3022,NE,BAL,16,2013,-1,1
3023,ATL,SF,16,2013,15.5,-15.5
3024,ATL,DET,16,2012,-3.5,3.5
3025,NYG,BAL,16,2012,-1,1
3026,STL,TB,16,2012,3,-3
3027,CIN,PIT,16,2012,3.5,-3.5
3028,WAS,PHI,16,2012,-4,4
3029,OAK,CAR,16,2012,9.5,-9.5
3030,NO,DAL,16,2012,1,-1
3031,TEN,GB,16,2012,11,-11
3032,MIN,HOU,16,2012,7.5,-7.5
3033,NE,JAC,16,2012,-14,14
3034,IND,KC,16,2012,-4.5,4.5
3035,BUF,MIA,16,2012,5,-5
3036,CLE,DEN,16,2012,11,-11
3037,CHI,ARI,16,2012,-7,7
3038,SF,SEA,16,2012,2.5,-2.5
3039,SD,NYJ,16,2012,3,-3
3040,HOU,IND,16,2011,-7,7
3041,MIA,NE,16,2011,7.5,-7.5
3042,CLE,BAL,16,2011,10.5,-10.5
3043,ARI,CIN,16,2011,3.5,-3.5
3044,MIN,WAS,16,2011,6,-6
3045,DEN,BUF,16,2011,-3,3
3046,STL,PIT,16,2011,10,-10
3047,NYG,NYJ,16,2011,1.5,-1.5
3048,TB,CAR,16,2011,9,-9
3049,JAC,TEN,16,2011,8.5,-8.5
3050,OAK,KC,16,2011,3,-3
3051,SD,DET,16,2011,-1,1
3052,PHI,DAL,16,2011,-1.5,1.5
3053,SF,SEA,16,2011,-1.5,1.5
3054,CHI,GB,16,2011,13,-13
3055,ATL,NO,16,2011,7,-7
3056,CAR,PIT,16,2010,14,-14
3057,DAL,ARI,16,2010,-7,7
3058,DET,MIA,16,2010,4,-4
3059,WAS,JAC,16,2010,7,-7
3060,SF,STL,16,2010,3,-3
3061,NE,BUF,16,2010,-7,7
3062,NYJ,CHI,16,2010,3,-3
3063,BAL,CLE,16,2010,-3,3
3064,TEN,KC,16,2010,4,-4
3065,IND,OAK,16,2010,-3,3
3066,HOU,DEN,16,2010,-2,2
3067,SD,CIN,16,2010,-8,8
3068,SEA,TB,16,2010,6,-6
3069,NYG,GB,16,2010,3,-3
3070,NO,ATL,16,2010,2,-2
3071,MIN,PHI,16,2010,15,-15
3072,SD,TEN,16,2009,2,-2
3073,SEA,GB,16,2009,14,-14
3074,OAK,CLE,16,2009,3,-3
3075,KC,CIN,16,2009,14,-14
3076,BUF,ATL,16,2009,8,-8
3077,HOU,MIA,16,2009,2,-2
3078,CAR,NYG,16,2009,8,-8
3079,TB,NO,16,2009,14,-14
3080,JAC,NE,16,2009,9,-9
3081,BAL,PIT,16,2009,3,-3
3082,STL,ARI,16,2009,17,-17
3083,DET,SF,16,2009,15,-15
3084,DEN,PHI,16,2009,7,-7
3085,NYJ,IND,16,2009,3,-3
3086,DAL,WAS,16,2009,-7,7
3087,MIN,CHI,16,2009,-8,8
3088,IND,JAC,16,2008,-5,5
3089,BAL,DAL,16,2008,6,-6
3090,PIT,TEN,16,2008,-3,3
3091,MIA,KC,16,2008,-3,3
3092,ARI,NE,16,2008,8,-8
3093,CIN,CLE,16,2008,3,-3
3094,SF,STL,16,2008,-3,3
3095,NO,DET,16,2008,-7,7
3096,SD,TB,16,2008,5,-5
3097,NYJ,SEA,16,2008,-4,4
3098,HOU,OAK,16,2008,-7,7
3099,BUF,DEN,16,2008,7,-7
3100,PHI,WAS,16,2008,-6,6
3101,ATL,MIN,16,2008,3,-3
3102,CAR,NYG,16,2008,4,-4
3103,GB,CHI,16,2008,4,-4
3104,PIT,STL,16,2007,-8,8
3105,DAL,CAR,16,2007,-11,11
3106,CLE,CIN,16,2007,-2,2
3107,GB,CHI,16,2007,-8,8
3108,HOU,IND,16,2007,7,-7
3109,KC,DET,16,2007,6,-6
3110,NYG,BUF,16,2007,-2,2
3111,OAK,JAC,16,2007,14,-14
3112,PHI,NO,16,2007,3,-3
3113,ATL,ARI,16,2007,11,-11
3114,TB,SF,16,2007,-7,7
3115,MIA,NE,16,2007,23,-23
3116,BAL,SEA,16,2007,13,-13
3117,NYJ,TEN,16,2007,8,-8
3118,WAS,MIN,16,2007,6,-6
3119,DEN,SD,16,2007,9,-9
3120,ATL,TB,17,2019,1,-1
3121,CHI,MIN,17,2019,-5.5,5.5
3122,CLE,CIN,17,2019,-2.5,2.5
3123,GB,DET,17,2019,-13.5,13.5
3124,IND,JAC,17,2019,-5,5
3125,LAC,KC,17,2019,10,-10
3126,MIA,NE,17,2019,17.5,-17.5
3127,NO,CAR,17,2019,-13.5,13.5
3128,NYJ,BUF,17,2019,-1.5,1.5
3129,PHI,NYG,17,2019,-4,4
3130,PIT,BAL,17,2019,-2,2
3131,TEN,HOU,17,2019,-10,10
3132,WAS,DAL,17,2019,13,-13
3133,ARI,LAR,17,2019,7,-7
3134,OAK,DEN,17,2019,5.5,-5.5
3135,SF,SEA,17,2019,-3.5,3.5
3136,CLE,BAL,17,2018,7,-7
3137,MIA,BUF,17,2018,5.5,-5.5
3138,DET,GB,17,2018,7.5,-7.5
3139,JAC,HOU,17,2018,7,-7
3140,OAK,KC,17,2018,14.5,-14.5
3141,CHI,MIN,17,2018,6,-6
3142,NYJ,NE,17,2018,14,-14
3143,CAR,NO,17,2018,8,-8
3144,DAL,NYG,17,2018,7.5,-7.5
3145,CIN,PIT,17,2018,14,-14
3146,ATL,TB,17,2018,-2.5,2.5
3147,IND,TEN,17,2018,-5,5
3148,PHI,WAS,17,2018,-6,6
3149,LAC,DEN,17,2018,-7,7
3150,SF,LAR,17,2018,10.5,-10.5
3151,ARI,SEA,17,2018,15.5,-15.5
3152,BUF,MIA,17,2017,-2.5,2.5
3153,CHI,MIN,17,2017,13.5,-13.5
3154,NYJ,NE,17,2017,17,-17
3155,WAS,NYG,17,2017,-5,5
3156,CIN,BAL,17,2017,8,-8
3157,CLE,PIT,17,2017,5,-5
3158,NO,TB,17,2017,-6,6
3159,JAC,TEN,17,2017,2.5,-2.5
3160,CAR,ATL,17,2017,5,-5
3161,GB,DET,17,2017,7.5,-7.5
3162,HOU,IND,17,2017,5.5,-5.5
3163,DAL,PHI,17,2017,-3.5,3.5
3164,ARI,SEA,17,2017,8,-8
3165,KC,DEN,17,2017,3,-3
3166,SF,LAR,17,2017,-6.5,6.5
3167,OAK,LAC,17,2017,7,-7
3168,NO,ATL,17,2017,7.5,-7.5
3169,CHI,MIN,17,2017,6,-6
3170,JAC,IND,17,2017,5.5,-5.5
3171,DAL,PHI,17,2017,6.5,-6.5
3172,GB,DET,17,2017,-3.5,3.5
3173,NE,MIA,17,2017,-7.5,7.5
3174,BUF,NYJ,17,2017,-3.5,3.5
3175,CAR,TB,17,2017,3.5,-3.5
3176,NYG,WAS,17,2017,10,-10
3177,HOU,TEN,17,2017,3,-3
3178,BAL,CIN,17,2017,-2.5,2.5
3179,CLE,PIT,17,2017,3.5,-3.5
3180,KC,SD,17,2017,-5.5,5.5
3181,OAK,DEN,17,2017,1,-1
3182,SEA,SF,17,2017,-11.5,11.5
3183,ARI,LA,17,2017,-7,7
3184,NO,ATL,17,2016,6,-6
3185,NYJ,BUF,17,2016,-2.5,2.5
3186,WAS,DAL,17,2016,3,-3
3187,TEN,IND,17,2016,3.5,-3.5
3188,TB,CAR,17,2016,10,-10
3189,DET,CHI,17,2016,-2.5,2.5
3190,PIT,CLE,17,2016,-13,13
3191,MIN,GB,17,2016,3,-3
3192,OAK,KC,17,2016,6.5,-6.5
3193,NE,MIA,17,2016,-10,10
3194,PHI,NYG,17,2016,4,-4
3195,BAL,CIN,17,2016,10,-10
3196,JAC,HOU,17,2016,5,-5
3197,SEA,ARI,17,2016,6,-6
3198,SD,DEN,17,2016,10,-10
3199,STL,SF,17,2016,-3,3
3200,CAR,ATL,17,2014,2.5,-2.5
3201,CLE,BAL,17,2014,14,-14
3202,DAL,WAS,17,2014,-6,6
3203,IND,TEN,17,2014,-7.5,7.5
3204,DET,GB,17,2014,9,-9
3205,JAC,HOU,17,2014,8.5,-8.5
3206,SD,KC,17,2014,3,-3
3207,NYJ,MIA,17,2014,7,-7
3208,CHI,MIN,17,2014,7,-7
3209,BUF,NE,17,2014,4.5,-4.5
3210,PHI,NYG,17,2014,-1,1
3211,CIN,PIT,17,2014,3,-3
3212,NO,TB,17,2014,-6,6
3213,OAK,DEN,17,2014,16.5,-16.5
3214,ARI,SF,17,2014,6,-6
3215,STL,SEA,17,2014,11,-11
3216,CAR,ATL,17,2013,-5.5,5.5
3217,GB,CHI,17,2013,-3,3
3218,HOU,TEN,17,2013,7,-7
3219,CLE,PIT,17,2013,9.5,-9.5
3220,WAS,NYG,17,2013,3.5,-3.5
3221,BAL,CIN,17,2013,6.5,-6.5
3222,PHI,DAL,17,2013,-7.5,7.5
3223,JAC,IND,17,2013,11,-11
3224,NYJ,MIA,17,2013,7.5,-7.5
3225,DET,MIN,17,2013,-2.5,2.5
3226,BUF,NE,17,2013,7.5,-7.5
3227,TB,NO,17,2013,11,-11
3228,DEN,OAK,17,2013,-10,10
3229,SF,ARI,17,2013,3,-3
3230,KC,SD,17,2013,15.5,-15.5
3231,STL,SEA,17,2013,13,-13
3232,TB,ATL,17,2012,3.5,-3.5
3233,NYJ,BUF,17,2012,3.5,-3.5
3234,DAL,WAS,17,2012,3.5,-3.5
3235,JAC,TEN,17,2012,4,-4
3236,CLE,PIT,17,2012,11,-11
3237,BAL,CIN,17,2012,1,-1
3238,CHI,DET,17,2012,-3.5,3.5
3239,HOU,IND,17,2012,-7,7
3240,GB,MIN,17,2012,-3.5,3.5
3241,MIA,NE,17,2012,10,-10
3242,CAR,NO,17,2012,5,-5
3243,PHI,NYG,17,2012,7,-7
3244,OAK,SD,17,2012,10,-10
3245,KC,DEN,17,2012,16,-16
3246,ARI,SF,17,2012,16.5,-16.5
3247,STL,SEA,17,2012,10.5,-10.5
3248,WAS,PHI,17,2012,7,-7
3249,NYJ,MIA,17,2012,1.5,-1.5
3250,CAR,NO,17,2012,7,-7
3251,DET,GB,17,2012,-6.5,6.5
3252,SF,STL,17,2012,-12.5,12.5
3253,IND,JAC,17,2012,3,-3
3254,BUF,NE,17,2012,10,-10
3255,TEN,HOU,17,2012,-1,1
3256,CHI,MIN,17,2012,1.5,-1.5
3257,PIT,CLE,17,2012,-7,7
3258,BAL,CIN,17,2012,-2.5,2.5
3259,TB,ATL,17,2012,9.5,-9.5
3260,KC,DEN,17,2012,1,-1
3261,SD,OAK,17,2012,2.5,-2.5
3262,SEA,ARI,17,2012,2.5,-2.5
3263,DAL,NYG,17,2012,3,-3
3264,OAK,KC,17,2011,5,-5
3265,MIA,NE,17,2011,4,-4
3266,PIT,CLE,17,2011,-6,6
3267,CIN,BAL,17,2011,10,-10
3268,MIN,DET,17,2011,4,-4
3269,BUF,NYJ,17,2011,0,0
3270,CAR,ATL,17,2011,14,-14
3271,TB,NO,17,2011,7,-7
3272,TEN,IND,17,2011,9,-9
3273,JAC,HOU,17,2011,4,-4
3274,NYG,WAS,17,2011,-4,4
3275,CHI,GB,17,2011,12,-12
3276,DAL,PHI,17,2011,-2,2
3277,ARI,SF,17,2011,6,-6
3278,SD,DEN,17,2011,-6,6
3279,STL,SEA,17,2011,-3,3
3280,IND,BUF,17,2010,8,-8
3281,NO,CAR,17,2010,10,-10
3282,JAC,CLE,17,2010,2,-2
3283,CHI,DET,17,2010,-5,5
3284,NE,HOU,17,2010,9,-9
3285,PIT,MIA,17,2010,-3,3
3286,NYG,MIN,17,2010,9,-9
3287,SF,STL,17,2010,-7,7
3288,ATL,TB,17,2010,-3,3
3289,PHI,DAL,17,2010,3,-3
3290,GB,ARI,17,2010,3,-3
3291,KC,DEN,17,2010,9,-9
3292,BAL,OAK,17,2010,-10,10
3293,WAS,SD,17,2010,3,-3
3294,TEN,SEA,17,2010,-6,6
3295,CIN,NYJ,17,2010,10,-10
3296,OAK,TB,17,2008,11,-11
3297,DET,GB,17,2008,11,-11
3298,NYG,MIN,17,2008,7,-7
3299,CHI,HOU,17,2008,3,-3
3300,CAR,NO,17,2008,-2,2
3301,STL,ATL,17,2008,14,-14
3302,KC,CIN,17,2008,1,-1
3303,TEN,IND,17,2008,-3,3
3304,CLE,PIT,17,2008,12,-12
3305,NE,BUF,17,2008,-6,6
3306,DAL,PHI,17,2008,3,-3
3307,JAC,BAL,17,2008,11,-11
3308,MIA,NYJ,17,2008,3,-3
3309,SEA,ARI,17,2008,7,-7
3310,WAS,SF,17,2008,3,-3
3311,DEN,SD,17,2008,7,-7
3312,NE,NYG,17,2007,-13,13
3313,BUF,PHI,17,2007,9,-9
3314,CAR,TB,17,2007,-3,3
3315,CIN,MIA,17,2007,-3,3
3316,DET,GB,17,2007,3,-3
3317,JAC,HOU,17,2007,7,-7
3318,NO,CHI,17,2007,1,-1
3319,SEA,ATL,17,2007,-2,2
3320,SF,CLE,17,2007,12,-12
3321,DAL,WAS,17,2007,9,-9
3322,PIT,BAL,17,2007,-3,3
3323,MIN,DEN,17,2007,-3,3
3324,SD,OAK,17,2007,-9,9
3325,STL,ARI,17,2007,6,-6
3326,KC,NYJ,17,2007,5,-5
3327,TEN,IND,17,2007,-5,5
